Date,Product,Region,Sales,Price,Revenue,Year,Month,Day
2023-04-13,Headphones,North,24,3000,72000,2023,4,13
2023-04-17,Smart Watch,North,112,5000,560000,2023,4,17
2023-05-02,Tablet,East,84,18000,1512000,2023,5,2
2024-04-03,Smart Watch,West,113,5000,565000,2024,4,3
2024-10-25,Tablet,South,62,18000,1116000,2024,10,25
2023-12-10,Headphones,South,47,3000,141000,2023,12,10
2024-01-21,Headphones,North,170,3000,510000,2024,1,21
2024-04-04,Mobile,South,98,25000,2450000,2024,4,4
2024-07-14,Tablet,East,179,18000,3222000,2024,7,14
2024-04-20,Headphones,West,24,3000,72000,2024,4,20
2023-07-09,Tablet,West,64,18000,1152000,2023,7,9
2023-09-01,Laptop,East,60,60000,3600000,2023,9,1
2024-10-08,Smart Watch,North,176,5000,880000,2024,10,8
2023-10-01,Headphones,North,69,3000,207000,2023,10,1
2023-01-14,Mobile,South,18,25000,450000,2023,1,14
2023-12-12,Smart Watch,South,93,5000,465000,2023,12,12
2023-04-02,Headphones,East,181,3000,543000,2023,4,2
2024-05-23,Tablet,South,90,18000,1620000,2024,5,23
2024-07-15,Headphones,South,143,3000,429000,2024,7,15
2024-07-19,Mobile,West,63,25000,1575000,2024,7,19
2024-04-21,Mobile,South,53,25000,1325000,2024,4,21
2023-06-11,Mobile,South,23,25000,575000,2023,6,11
2023-09-28,Headphones,North,199,3000,597000,2023,9,28
2023-10-23,Smart Watch,West,91,5000,455000,2023,10,23
2023-02-22,Mobile,North,197,25000,4925000,2023,2,22
2024-01-15,Smart Watch,North,166,5000,830000,2024,1,15
2023-01-15,Smart Watch,North,98,5000,490000,2023,1,15
2024-06-04,Laptop,West,145,60000,8700000,2024,6,4
2024-04-16,Tablet,East,90,18000,1620000,2024,4,16
2024-01-27,Tablet,East,42,18000,756000,2024,1,27
2024-01-14,Smart Watch,South,50,5000,250000,2024,1,14
2023-01-28,Laptop,West,21,60000,1260000,2023,1,28
2023-02-02,Smart Watch,East,181,5000,905000,2023,2,2
2024-12-26,Tablet,East,110,18000,1980000,2024,12,26
2024-04-06,Tablet,North,14,18000,252000,2024,4,6
2023-08-06,Tablet,North,24,18000,432000,2023,8,6
2024-07-07,Headphones,North,188,3000,564000,2024,7,7
2024-07-28,Laptop,West,105,60000,6300000,2024,7,28
2024-04-29,Smart Watch,East,180,5000,900000,2024,4,29
2024-06-24,Headphones,North,169,3000,507000,2024,6,24
2024-11-29,Tablet,South,37,18000,666000,2024,11,29
2024-07-31,Mobile,North,71,25000,1775000,2024,7,31
2024-10-07,Headphones,West,117,3000,351000,2024,10,7
2024-07-09,Headphones,South,199,3000,597000,2024,7,9
2023-11-27,Mobile,East,101,25000,2525000,2023,11,27
2024-04-17,Laptop,North,130,60000,7800000,2024,4,17
2023-10-10,Laptop,West,12,60000,720000,2023,10,10
2023-12-25,Tablet,North,71,18000,1278000,2023,12,25
2024-11-07,Laptop,East,181,60000,10860000,2024,11,7
2024-10-25,Tablet,South,169,18000,3042000,2024,10,25
2024-08-30,Laptop,West,122,60000,7320000,2024,8,30
2024-05-11,Mobile,West,21,25000,525000,2024,5,11
2024-05-24,Mobile,East,122,25000,3050000,2024,5,24
2024-09-04,Laptop,West,90,60000,5400000,2024,9,4
2024-11-29,Laptop,South,139,60000,8340000,2024,11,29
2023-08-08,Smart Watch,West,138,5000,690000,2023,8,8
2024-02-07,Mobile,North,181,25000,4525000,2024,2,7
2024-12-30,Headphones,East,193,3000,579000,2024,12,30
2023-05-03,Laptop,East,47,60000,2820000,2023,5,3
2023-10-07,Smart Watch,West,107,5000,535000,2023,10,7
2023-07-17,Tablet,East,153,18000,2754000,2023,7,17
2024-08-31,Laptop,West,196,60000,11760000,2024,8,31
2023-11-22,Smart Watch,East,157,5000,785000,2023,11,22
2024-02-07,Mobile,East,156,25000,3900000,2024,2,7
2023-05-28,Headphones,North,170,3000,510000,2023,5,28
2024-10-01,Mobile,West,138,25000,3450000,2024,10,1
2024-04-17,Mobile,East,168,25000,4200000,2024,4,17
2023-10-25,Tablet,East,153,18000,2754000,2023,10,25
2023-12-12,Laptop,West,69,60000,4140000,2023,12,12
2023-01-02,Laptop,West,149,60000,8940000,2023,1,2
2024-03-28,Smart Watch,West,18,5000,90000,2024,3,28
2023-08-21,Tablet,East,57,18000,1026000,2023,8,21
2023-07-27,Tablet,West,161,18000,2898000,2023,7,27
2023-02-23,Laptop,West,125,60000,7500000,2023,2,23
2024-08-09,Laptop,West,173,60000,10380000,2024,8,9
2024-02-26,Headphones,South,121,3000,363000,2024,2,26
2024-05-24,Laptop,East,162,60000,9720000,2024,5,24
2023-12-04,Mobile,South,172,25000,4300000,2023,12,4
2024-12-20,Smart Watch,North,170,5000,850000,2024,12,20
2024-08-02,Laptop,South,30,60000,1800000,2024,8,2
2024-05-18,Tablet,North,137,18000,2466000,2024,5,18
2023-02-02,Headphones,East,124,3000,372000,2023,2,2
2024-04-14,Smart Watch,East,191,5000,955000,2024,4,14
2023-10-10,Tablet,South,30,18000,540000,2023,10,10
2024-08-31,Headphones,East,70,3000,210000,2024,8,31
2024-10-20,Headphones,East,58,3000,174000,2024,10,20
2024-05-26,Laptop,West,167,60000,10020000,2024,5,26
2024-04-21,Smart Watch,South,108,5000,540000,2024,4,21
2023-02-06,Smart Watch,North,55,5000,275000,2023,2,6
2023-06-30,Tablet,West,125,18000,2250000,2023,6,30
2023-07-10,Smart Watch,North,169,5000,845000,2023,7,10
2023-06-10,Tablet,West,27,18000,486000,2023,6,10
2024-07-19,Mobile,East,113,25000,2825000,2024,7,19
2024-11-16,Mobile,West,184,25000,4600000,2024,11,16
2024-10-24,Mobile,East,164,25000,4100000,2024,10,24
2024-05-04,Mobile,South,26,25000,650000,2024,5,4
2023-04-14,Laptop,North,52,60000,3120000,2023,4,14
2023-09-03,Smart Watch,South,35,5000,175000,2023,9,3
2024-02-12,Smart Watch,West,144,5000,720000,2024,2,12
2023-02-05,Smart Watch,West,74,5000,370000,2023,2,5
2024-05-26,Headphones,East,152,3000,456000,2024,5,26
2023-04-02,Mobile,South,41,25000,1025000,2023,4,2
2024-12-27,Tablet,North,195,18000,3510000,2024,12,27
2024-07-28,Smart Watch,South,67,5000,335000,2024,7,28
2024-07-23,Laptop,West,179,60000,10740000,2024,7,23
2023-02-23,Tablet,West,110,18000,1980000,2023,2,23
2023-09-21,Smart Watch,West,117,5000,585000,2023,9,21
2023-01-05,Headphones,South,118,3000,354000,2023,1,5
2023-12-16,Tablet,East,177,18000,3186000,2023,12,16
2024-10-17,Smart Watch,South,133,5000,665000,2024,10,17
2023-04-16,Tablet,North,129,18000,2322000,2023,4,16
2024-08-26,Mobile,East,99,25000,2475000,2024,8,26
2024-04-18,Smart Watch,South,32,5000,160000,2024,4,18
2023-05-07,Laptop,West,138,60000,8280000,2023,5,7
2023-02-27,Mobile,North,43,25000,1075000,2023,2,27
2023-04-06,Laptop,West,126,60000,7560000,2023,4,6
2023-09-29,Smart Watch,East,78,5000,390000,2023,9,29
2023-09-04,Tablet,West,163,18000,2934000,2023,9,4
2024-10-17,Tablet,North,95,18000,1710000,2024,10,17
2024-11-27,Smart Watch,South,78,5000,390000,2024,11,27
2023-02-16,Laptop,South,199,60000,11940000,2023,2,16
2024-03-28,Headphones,West,185,3000,555000,2024,3,28
2023-12-07,Headphones,North,110,3000,330000,2023,12,7
2023-01-23,Mobile,South,78,25000,1950000,2023,1,23
2023-04-10,Mobile,West,147,25000,3675000,2023,4,10
2024-10-20,Mobile,West,10,25000,250000,2024,10,20
2023-11-21,Smart Watch,West,25,5000,125000,2023,11,21
2023-12-02,Mobile,North,137,25000,3425000,2023,12,2
2023-06-09,Tablet,West,161,18000,2898000,2023,6,9
2024-11-20,Tablet,West,42,18000,756000,2024,11,20
2024-11-21,Tablet,North,21,18000,378000,2024,11,21
2024-07-30,Laptop,West,83,60000,4980000,2024,7,30
2023-02-12,Headphones,North,150,3000,450000,2023,2,12
2023-01-12,Mobile,North,44,25000,1100000,2023,1,12
2024-12-27,Laptop,South,17,60000,1020000,2024,12,27
2024-08-27,Mobile,South,99,25000,2475000,2024,8,27
2024-02-22,Tablet,North,144,18000,2592000,2024,2,22
2023-07-15,Mobile,North,123,25000,3075000,2023,7,15
2024-05-07,Tablet,North,129,18000,2322000,2024,5,7
2024-02-24,Laptop,North,173,60000,10380000,2024,2,24
2024-01-29,Smart Watch,North,161,5000,805000,2024,1,29
2023-07-11,Tablet,North,108,18000,1944000,2023,7,11
2024-07-01,Mobile,North,105,25000,2625000,2024,7,1
2024-10-25,Smart Watch,West,122,5000,610000,2024,10,25
2024-11-25,Smart Watch,East,108,5000,540000,2024,11,25
2023-09-30,Laptop,South,93,60000,5580000,2023,9,30
2024-12-29,Smart Watch,East,28,5000,140000,2024,12,29
2023-06-26,Headphones,West,198,3000,594000,2023,6,26
2023-08-21,Tablet,West,18,18000,324000,2023,8,21
2024-03-30,Headphones,South,137,3000,411000,2024,3,30
2024-07-17,Tablet,South,120,18000,2160000,2024,7,17
2023-05-24,Smart Watch,North,108,5000,540000,2023,5,24
2024-01-31,Laptop,West,132,60000,7920000,2024,1,31
2024-04-13,Headphones,North,160,3000,480000,2024,4,13
2023-05-24,Laptop,East,118,60000,7080000,2023,5,24
2024-11-23,Mobile,South,176,25000,4400000,2024,11,23
2024-02-02,Mobile,North,172,25000,4300000,2024,2,2
2023-08-03,Smart Watch,East,84,5000,420000,2023,8,3
2024-10-19,Headphones,North,83,3000,249000,2024,10,19
2024-05-06,Laptop,North,16,60000,960000,2024,5,6
2023-06-23,Smart Watch,West,179,5000,895000,2023,6,23
2024-01-28,Mobile,East,131,25000,3275000,2024,1,28
2023-07-13,Smart Watch,North,174,5000,870000,2023,7,13
2024-02-26,Tablet,West,118,18000,2124000,2024,2,26
2023-12-08,Headphones,North,80,3000,240000,2023,12,8
2023-08-05,Smart Watch,West,45,5000,225000,2023,8,5
2023-03-11,Headphones,East,28,3000,84000,2023,3,11
2024-03-20,Headphones,South,176,3000,528000,2024,3,20
2023-04-01,Mobile,South,28,25000,700000,2023,4,1
2023-02-08,Tablet,North,150,18000,2700000,2023,2,8
2023-08-08,Mobile,West,70,25000,1750000,2023,8,8
2023-12-27,Laptop,East,101,60000,6060000,2023,12,27
2023-07-09,Laptop,East,122,60000,7320000,2023,7,9
2024-02-13,Laptop,South,126,60000,7560000,2024,2,13
2023-05-14,Mobile,West,182,25000,4550000,2023,5,14
2024-11-02,Smart Watch,North,56,5000,280000,2024,11,2
2023-05-29,Smart Watch,East,173,5000,865000,2023,5,29
2023-08-15,Tablet,West,194,18000,3492000,2023,8,15
2024-02-06,Laptop,North,23,60000,1380000,2024,2,6
2023-05-23,Laptop,North,63,60000,3780000,2023,5,23
2023-09-16,Laptop,East,21,60000,1260000,2023,9,16
2023-11-26,Headphones,West,165,3000,495000,2023,11,26
2024-01-08,Mobile,West,173,25000,4325000,2024,1,8
2023-03-31,Mobile,West,187,25000,4675000,2023,3,31
2024-06-23,Headphones,North,50,3000,150000,2024,6,23
2024-12-04,Tablet,South,154,18000,2772000,2024,12,4
2023-07-20,Laptop,North,166,60000,9960000,2023,7,20
2024-07-11,Tablet,North,143,18000,2574000,2024,7,11
2024-08-16,Tablet,West,56,18000,1008000,2024,8,16
2024-03-25,Mobile,West,39,25000,975000,2024,3,25
2023-08-30,Tablet,North,14,18000,252000,2023,8,30
2023-04-29,Laptop,South,74,60000,4440000,2023,4,29
2023-05-26,Laptop,East,94,60000,5640000,2023,5,26
2023-10-09,Laptop,South,68,60000,4080000,2023,10,9
2024-11-19,Smart Watch,North,107,5000,535000,2024,11,19
2023-04-15,Tablet,East,138,18000,2484000,2023,4,15
2024-02-09,Headphones,North,104,3000,312000,2024,2,9
2024-10-06,Tablet,North,32,18000,576000,2024,10,6
2024-07-18,Smart Watch,South,92,5000,460000,2024,7,18
2023-05-25,Smart Watch,South,119,5000,595000,2023,5,25
2023-01-01,Tablet,North,13,18000,234000,2023,1,1
2024-03-21,Laptop,North,41,60000,2460000,2024,3,21
2023-02-03,Headphones,East,81,3000,243000,2023,2,3
2024-07-04,Mobile,South,171,25000,4275000,2024,7,4
2024-03-13,Tablet,East,59,18000,1062000,2024,3,13
2023-09-25,Laptop,South,142,60000,8520000,2023,9,25
2024-02-05,Smart Watch,North,151,5000,755000,2024,2,5
2024-07-31,Tablet,East,112,18000,2016000,2024,7,31
2024-02-26,Headphones,South,47,3000,141000,2024,2,26
2023-11-02,Mobile,South,39,25000,975000,2023,11,2
2023-12-01,Tablet,East,61,18000,1098000,2023,12,1
2023-09-06,Laptop,West,88,60000,5280000,2023,9,6
2024-06-25,Mobile,East,90,25000,2250000,2024,6,25
2023-05-13,Smart Watch,West,147,5000,735000,2023,5,13
2023-07-03,Laptop,South,26,60000,1560000,2023,7,3
2024-05-22,Headphones,West,78,3000,234000,2024,5,22
2024-06-29,Smart Watch,South,135,5000,675000,2024,6,29
2023-02-12,Tablet,East,120,18000,2160000,2023,2,12
2024-10-24,Tablet,South,153,18000,2754000,2024,10,24
2024-06-03,Headphones,West,141,3000,423000,2024,6,3
2024-11-26,Laptop,East,105,60000,6300000,2024,11,26
2023-07-14,Tablet,North,169,18000,3042000,2023,7,14
2023-03-02,Mobile,East,156,25000,3900000,2023,3,2
2023-01-05,Mobile,West,179,25000,4475000,2023,1,5
2024-06-17,Smart Watch,South,10,5000,50000,2024,6,17
2024-10-06,Laptop,West,99,60000,5940000,2024,10,6
2023-02-15,Mobile,North,87,25000,2175000,2023,2,15
2024-12-30,Smart Watch,East,82,5000,410000,2024,12,30
2023-09-06,Laptop,South,65,60000,3900000,2023,9,6
2023-12-16,Tablet,East,57,18000,1026000,2023,12,16
2024-07-26,Laptop,South,45,60000,2700000,2024,7,26
2023-09-14,Laptop,East,189,60000,11340000,2023,9,14
2024-12-19,Mobile,West,87,25000,2175000,2024,12,19
2023-08-04,Mobile,North,163,25000,4075000,2023,8,4
2024-06-09,Tablet,West,124,18000,2232000,2024,6,9
2023-01-07,Tablet,East,160,18000,2880000,2023,1,7
2023-12-29,Headphones,North,27,3000,81000,2023,12,29
2024-05-20,Tablet,East,24,18000,432000,2024,5,20
2023-07-11,Laptop,East,37,60000,2220000,2023,7,11
2024-12-14,Laptop,North,95,60000,5700000,2024,12,14
2024-04-18,Headphones,North,154,3000,462000,2024,4,18
2024-06-08,Headphones,North,77,3000,231000,2024,6,8
2024-01-29,Tablet,North,118,18000,2124000,2024,1,29
2023-05-26,Headphones,East,43,3000,129000,2023,5,26
2024-09-14,Laptop,West,92,60000,5520000,2024,9,14
2024-07-07,Laptop,North,15,60000,900000,2024,7,7
2024-11-22,Mobile,West,196,25000,4900000,2024,11,22
2023-11-11,Smart Watch,South,130,5000,650000,2023,11,11
2023-10-16,Smart Watch,South,30,5000,150000,2023,10,16
2024-12-10,Headphones,South,84,3000,252000,2024,12,10
2024-03-21,Laptop,East,140,60000,8400000,2024,3,21
2023-08-31,Smart Watch,West,161,5000,805000,2023,8,31
2023-08-11,Mobile,West,84,25000,2100000,2023,8,11
2023-01-04,Laptop,South,188,60000,11280000,2023,1,4
2024-07-27,Laptop,South,88,60000,5280000,2024,7,27
2024-12-15,Mobile,East,182,25000,4550000,2024,12,15
2023-10-27,Smart Watch,South,163,5000,815000,2023,10,27
2023-04-28,Headphones,East,29,3000,87000,2023,4,28
2023-04-23,Headphones,East,10,3000,30000,2023,4,23
2023-03-31,Smart Watch,South,148,5000,740000,2023,3,31
2024-05-25,Headphones,North,12,3000,36000,2024,5,25
2024-11-03,Mobile,West,19,25000,475000,2024,11,3
2023-09-18,Mobile,West,139,25000,3475000,2023,9,18
2023-01-13,Mobile,West,74,25000,1850000,2023,1,13
2023-11-15,Smart Watch,North,26,5000,130000,2023,11,15
2024-07-03,Tablet,South,104,18000,1872000,2024,7,3
2024-08-03,Headphones,West,187,3000,561000,2024,8,3
2023-11-30,Smart Watch,West,146,5000,730000,2023,11,30
2024-08-10,Tablet,East,10,18000,180000,2024,8,10
2023-10-23,Headphones,West,102,3000,306000,2023,10,23
2023-08-17,Headphones,South,44,3000,132000,2023,8,17
2024-12-25,Smart Watch,North,92,5000,460000,2024,12,25
2024-01-14,Mobile,South,141,25000,3525000,2024,1,14
2024-08-23,Smart Watch,South,98,5000,490000,2024,8,23
2024-02-06,Tablet,North,175,18000,3150000,2024,2,6
2023-01-23,Laptop,North,154,60000,9240000,2023,1,23
2023-08-13,Mobile,South,62,25000,1550000,2023,8,13
2024-09-07,Tablet,East,188,18000,3384000,2024,9,7
2023-07-17,Tablet,East,188,18000,3384000,2023,7,17
2024-07-07,Headphones,East,120,3000,360000,2024,7,7
2024-10-30,Laptop,West,164,60000,9840000,2024,10,30
2024-02-24,Smart Watch,South,194,5000,970000,2024,2,24
2023-04-07,Smart Watch,North,164,5000,820000,2023,4,7
2023-10-16,Headphones,South,75,3000,225000,2023,10,16
2024-06-05,Smart Watch,East,83,5000,415000,2024,6,5
2023-04-28,Smart Watch,East,56,5000,280000,2023,4,28
2023-08-16,Smart Watch,West,189,5000,945000,2023,8,16
2024-11-26,Smart Watch,West,14,5000,70000,2024,11,26
2023-06-06,Headphones,West,182,3000,546000,2023,6,6
2023-05-10,Tablet,East,124,18000,2232000,2023,5,10
2023-10-19,Mobile,East,36,25000,900000,2023,10,19
2023-03-10,Headphones,East,83,3000,249000,2023,3,10
2024-07-03,Mobile,South,116,25000,2900000,2024,7,3
2024-01-31,Mobile,North,113,25000,2825000,2024,1,31
2023-07-29,Laptop,North,120,60000,7200000,2023,7,29
2024-09-07,Headphones,East,109,3000,327000,2024,9,7
2023-11-20,Smart Watch,West,46,5000,230000,2023,11,20
2023-05-07,Mobile,North,101,25000,2525000,2023,5,7
2024-01-13,Laptop,South,60,60000,3600000,2024,1,13
2023-01-29,Laptop,South,20,60000,1200000,2023,1,29
2024-02-11,Laptop,South,110,60000,6600000,2024,2,11
2024-02-09,Mobile,South,173,25000,4325000,2024,2,9
2023-07-01,Laptop,North,72,60000,4320000,2023,7,1
2024-07-20,Tablet,West,152,18000,2736000,2024,7,20
2024-10-22,Laptop,North,146,60000,8760000,2024,10,22
2023-07-21,Headphones,North,126,3000,378000,2023,7,21
2024-10-27,Laptop,East,72,60000,4320000,2024,10,27
2023-09-01,Laptop,South,84,60000,5040000,2023,9,1
2024-01-21,Mobile,East,171,25000,4275000,2024,1,21
2023-12-13,Laptop,West,180,60000,10800000,2023,12,13
2023-06-28,Laptop,East,189,60000,11340000,2023,6,28
2024-12-10,Smart Watch,West,170,5000,850000,2024,12,10
2023-06-26,Smart Watch,East,159,5000,795000,2023,6,26
2024-10-27,Headphones,South,58,3000,174000,2024,10,27
2023-03-25,Laptop,North,157,60000,9420000,2023,3,25
2024-09-21,Headphones,East,198,3000,594000,2024,9,21
2023-12-26,Laptop,East,10,60000,600000,2023,12,26
2023-05-21,Tablet,East,193,18000,3474000,2023,5,21
2024-12-23,Smart Watch,North,182,5000,910000,2024,12,23
2024-04-21,Tablet,South,10,18000,180000,2024,4,21
2024-08-12,Tablet,East,122,18000,2196000,2024,8,12
2023-04-24,Tablet,East,141,18000,2538000,2023,4,24
2023-09-21,Smart Watch,East,112,5000,560000,2023,9,21
2024-10-04,Mobile,South,119,25000,2975000,2024,10,4
2023-06-11,Headphones,North,96,3000,288000,2023,6,11
2023-02-24,Headphones,West,187,3000,561000,2023,2,24
2024-01-26,Smart Watch,West,74,5000,370000,2024,1,26
2023-11-09,Tablet,West,196,18000,3528000,2023,11,9
2023-11-24,Laptop,East,76,60000,4560000,2023,11,24
2023-02-20,Laptop,West,17,60000,1020000,2023,2,20
2024-02-22,Tablet,West,97,18000,1746000,2024,2,22
2023-03-19,Tablet,West,174,18000,3132000,2023,3,19
2023-07-01,Smart Watch,South,64,5000,320000,2023,7,1
2023-01-07,Mobile,East,170,25000,4250000,2023,1,7
2023-05-31,Smart Watch,East,121,5000,605000,2023,5,31
2024-01-16,Tablet,West,38,18000,684000,2024,1,16
2024-11-30,Mobile,South,138,25000,3450000,2024,11,30
2024-12-09,Headphones,East,139,3000,417000,2024,12,9
2024-12-07,Headphones,West,14,3000,42000,2024,12,7
2023-09-13,Laptop,South,62,60000,3720000,2023,9,13
2024-05-14,Mobile,South,117,25000,2925000,2024,5,14
2023-10-07,Laptop,South,167,60000,10020000,2023,10,7
2024-09-23,Tablet,South,137,18000,2466000,2024,9,23
2024-12-21,Mobile,East,23,25000,575000,2024,12,21
2024-06-04,Mobile,North,34,25000,850000,2024,6,4
2023-12-25,Laptop,South,31,60000,1860000,2023,12,25
2023-08-23,Headphones,South,195,3000,585000,2023,8,23
2023-01-29,Smart Watch,South,46,5000,230000,2023,1,29
2023-03-16,Mobile,West,94,25000,2350000,2023,3,16
2023-02-11,Headphones,North,175,3000,525000,2023,2,11
2023-02-03,Laptop,North,162,60000,9720000,2023,2,3
2024-01-13,Headphones,East,126,3000,378000,2024,1,13
2023-12-08,Smart Watch,East,66,5000,330000,2023,12,8
2023-10-14,Tablet,West,107,18000,1926000,2023,10,14
2023-09-25,Smart Watch,North,62,5000,310000,2023,9,25
2024-03-30,Mobile,North,154,25000,3850000,2024,3,30
2024-04-20,Mobile,South,73,25000,1825000,2024,4,20
2023-05-10,Headphones,South,116,3000,348000,2023,5,10
2024-12-05,Tablet,North,45,18000,810000,2024,12,5
2024-01-06,Mobile,North,158,25000,3950000,2024,1,6
2023-10-23,Tablet,West,173,18000,3114000,2023,10,23
2023-04-23,Tablet,East,63,18000,1134000,2023,4,23
2023-04-08,Smart Watch,West,42,5000,210000,2023,4,8
2024-07-01,Headphones,East,90,3000,270000,2024,7,1
2024-05-21,Smart Watch,East,163,5000,815000,2024,5,21
2024-03-25,Smart Watch,North,49,5000,245000,2024,3,25
2023-01-17,Laptop,North,70,60000,4200000,2023,1,17
2024-09-07,Mobile,North,48,25000,1200000,2024,9,7
2023-05-11,Mobile,North,117,25000,2925000,2023,5,11
2023-06-21,Tablet,South,111,18000,1998000,2023,6,21
2024-06-07,Tablet,North,53,18000,954000,2024,6,7
2023-01-17,Mobile,North,64,25000,1600000,2023,1,17
2024-05-11,Headphones,South,89,3000,267000,2024,5,11
2023-08-04,Tablet,West,158,18000,2844000,2023,8,4
2023-03-22,Smart Watch,South,34,5000,170000,2023,3,22
2024-04-10,Laptop,West,152,60000,9120000,2024,4,10
2024-07-24,Mobile,North,118,25000,2950000,2024,7,24
2024-06-21,Mobile,West,154,25000,3850000,2024,6,21
2023-03-27,Mobile,East,23,25000,575000,2023,3,27
2023-12-01,Smart Watch,East,146,5000,730000,2023,12,1
2024-11-18,Mobile,East,91,25000,2275000,2024,11,18
2023-08-11,Headphones,East,155,3000,465000,2023,8,11
2024-03-18,Mobile,East,26,25000,650000,2024,3,18
2024-06-09,Tablet,West,197,18000,3546000,2024,6,9
2023-04-08,Tablet,North,180,18000,3240000,2023,4,8
2023-07-02,Headphones,East,24,3000,72000,2023,7,2
2024-05-11,Headphones,North,162,3000,486000,2024,5,11
2024-02-01,Mobile,North,25,25000,625000,2024,2,1
2024-05-07,Mobile,West,135,25000,3375000,2024,5,7
2024-03-25,Tablet,South,43,18000,774000,2024,3,25
2024-02-18,Tablet,East,22,18000,396000,2024,2,18
2023-05-21,Mobile,West,105,25000,2625000,2023,5,21
2023-02-08,Headphones,North,199,3000,597000,2023,2,8
2024-04-21,Smart Watch,West,194,5000,970000,2024,4,21
2023-09-29,Headphones,East,130,3000,390000,2023,9,29
2023-09-23,Laptop,East,112,60000,6720000,2023,9,23
2023-12-06,Smart Watch,North,186,5000,930000,2023,12,6
2023-01-03,Smart Watch,South,129,5000,645000,2023,1,3
2024-10-31,Mobile,West,155,25000,3875000,2024,10,31
2023-10-20,Laptop,West,190,60000,11400000,2023,10,20
2024-08-07,Laptop,North,97,60000,5820000,2024,8,7
2023-05-20,Tablet,South,46,18000,828000,2023,5,20
2023-03-02,Smart Watch,East,133,5000,665000,2023,3,2
2024-12-10,Tablet,South,86,18000,1548000,2024,12,10
2023-08-14,Laptop,East,61,60000,3660000,2023,8,14
2024-07-24,Headphones,North,72,3000,216000,2024,7,24
2023-11-06,Smart Watch,East,119,5000,595000,2023,11,6
2023-11-26,Tablet,South,66,18000,1188000,2023,11,26
2023-08-06,Laptop,North,12,60000,720000,2023,8,6
2024-05-31,Smart Watch,South,56,5000,280000,2024,5,31
2024-12-27,Laptop,North,108,60000,6480000,2024,12,27
2023-01-20,Mobile,North,70,25000,1750000,2023,1,20
2024-05-04,Tablet,South,91,18000,1638000,2024,5,4
2023-03-03,Laptop,West,12,60000,720000,2023,3,3
2023-06-09,Tablet,South,22,18000,396000,2023,6,9
2023-04-30,Smart Watch,East,98,5000,490000,2023,4,30
2023-11-25,Headphones,South,110,3000,330000,2023,11,25
2024-09-01,Tablet,North,193,18000,3474000,2024,9,1
2023-11-19,Tablet,West,38,18000,684000,2023,11,19
2024-10-10,Tablet,North,85,18000,1530000,2024,10,10
2023-06-19,Laptop,East,49,60000,2940000,2023,6,19
2024-06-20,Smart Watch,East,196,5000,980000,2024,6,20
2023-08-14,Headphones,East,47,3000,141000,2023,8,14
2023-11-24,Tablet,North,185,18000,3330000,2023,11,24
2024-08-24,Mobile,South,46,25000,1150000,2024,8,24
2023-11-12,Smart Watch,West,90,5000,450000,2023,11,12
2023-04-24,Smart Watch,West,71,5000,355000,2023,4,24
2023-12-15,Tablet,South,76,18000,1368000,2023,12,15
2024-07-21,Mobile,West,100,25000,2500000,2024,7,21
2023-10-16,Tablet,West,177,18000,3186000,2023,10,16
2023-04-02,Laptop,East,68,60000,4080000,2023,4,2
2024-11-11,Smart Watch,East,54,5000,270000,2024,11,11
2023-12-11,Smart Watch,South,109,5000,545000,2023,12,11
2023-07-10,Tablet,South,197,18000,3546000,2023,7,10
2023-01-07,Smart Watch,East,54,5000,270000,2023,1,7
2023-01-31,Mobile,South,169,25000,4225000,2023,1,31
2023-12-29,Smart Watch,South,48,5000,240000,2023,12,29
2023-03-23,Headphones,South,86,3000,258000,2023,3,23
2024-06-07,Mobile,West,22,25000,550000,2024,6,7
2023-02-15,Tablet,North,26,18000,468000,2023,2,15
2023-12-26,Mobile,West,97,25000,2425000,2023,12,26
2023-12-31,Tablet,West,79,18000,1422000,2023,12,31
2024-04-11,Mobile,North,72,25000,1800000,2024,4,11
2024-02-16,Headphones,East,46,3000,138000,2024,2,16
2023-10-05,Headphones,West,105,3000,315000,2023,10,5
2024-04-28,Mobile,West,26,25000,650000,2024,4,28
2024-06-07,Laptop,South,127,60000,7620000,2024,6,7
2024-12-05,Mobile,West,59,25000,1475000,2024,12,5
2023-09-27,Smart Watch,West,173,5000,865000,2023,9,27
2023-08-15,Headphones,North,16,3000,48000,2023,8,15
2023-01-29,Tablet,North,143,18000,2574000,2023,1,29
2023-03-20,Tablet,East,67,18000,1206000,2023,3,20
2024-06-21,Mobile,South,38,25000,950000,2024,6,21
2024-05-30,Laptop,East,150,60000,9000000,2024,5,30
2024-05-03,Smart Watch,North,84,5000,420000,2024,5,3
2023-05-10,Headphones,South,36,3000,108000,2023,5,10
2024-12-07,Laptop,South,193,60000,11580000,2024,12,7
2024-08-26,Smart Watch,North,56,5000,280000,2024,8,26
2023-03-25,Tablet,North,140,18000,2520000,2023,3,25
2024-05-21,Laptop,South,133,60000,7980000,2024,5,21
2024-06-10,Mobile,North,172,25000,4300000,2024,6,10
2024-06-07,Mobile,East,36,25000,900000,2024,6,7
2024-08-06,Headphones,South,154,3000,462000,2024,8,6
2024-08-27,Smart Watch,West,88,5000,440000,2024,8,27
2023-01-27,Mobile,West,140,25000,3500000,2023,1,27
2023-12-15,Headphones,North,33,3000,99000,2023,12,15
2024-01-13,Tablet,West,55,18000,990000,2024,1,13
2024-06-10,Laptop,South,26,60000,1560000,2024,6,10
2023-08-24,Headphones,West,18,3000,54000,2023,8,24
2024-11-08,Laptop,West,72,60000,4320000,2024,11,8
2024-12-26,Smart Watch,North,139,5000,695000,2024,12,26
2023-12-10,Tablet,West,81,18000,1458000,2023,12,10
2023-10-01,Mobile,South,104,25000,2600000,2023,10,1
2023-06-15,Tablet,North,42,18000,756000,2023,6,15
2023-04-12,Laptop,West,20,60000,1200000,2023,4,12
2023-08-02,Tablet,West,50,18000,900000,2023,8,2
2024-02-05,Headphones,North,55,3000,165000,2024,2,5
2024-11-02,Headphones,West,170,3000,510000,2024,11,2
2024-12-14,Mobile,West,106,25000,2650000,2024,12,14
2023-01-02,Laptop,North,167,60000,10020000,2023,1,2
2024-08-11,Headphones,South,159,3000,477000,2024,8,11
2023-04-13,Mobile,South,112,25000,2800000,2023,4,13
2023-03-31,Mobile,South,152,25000,3800000,2023,3,31
2023-04-16,Headphones,North,113,3000,339000,2023,4,16
2023-11-13,Tablet,East,143,18000,2574000,2023,11,13
2023-01-09,Laptop,East,169,60000,10140000,2023,1,9
2024-07-06,Mobile,West,17,25000,425000,2024,7,6
2024-11-20,Headphones,South,93,3000,279000,2024,11,20
2023-11-14,Tablet,East,16,18000,288000,2023,11,14
2024-04-03,Headphones,West,141,3000,423000,2024,4,3
2024-01-25,Mobile,South,163,25000,4075000,2024,1,25
2024-05-29,Laptop,West,115,60000,6900000,2024,5,29
2023-01-14,Tablet,South,21,18000,378000,2023,1,14
2023-03-28,Headphones,North,34,3000,102000,2023,3,28
2023-10-28,Tablet,South,156,18000,2808000,2023,10,28
2024-07-20,Headphones,North,145,3000,435000,2024,7,20
2024-09-22,Smart Watch,East,41,5000,205000,2024,9,22
2023-11-03,Headphones,South,155,3000,465000,2023,11,3
2024-12-23,Smart Watch,West,65,5000,325000,2024,12,23
2023-02-28,Tablet,West,44,18000,792000,2023,2,28
2024-03-20,Smart Watch,South,106,5000,530000,2024,3,20
2023-11-28,Laptop,South,168,60000,10080000,2023,11,28
2023-01-24,Headphones,North,13,3000,39000,2023,1,24
2023-12-30,Headphones,West,161,3000,483000,2023,12,30
2024-07-15,Laptop,East,105,60000,6300000,2024,7,15
2024-09-08,Headphones,South,126,3000,378000,2024,9,8
2024-05-26,Headphones,South,88,3000,264000,2024,5,26
2024-02-22,Headphones,South,48,3000,144000,2024,2,22
2024-01-06,Mobile,South,134,25000,3350000,2024,1,6
2023-09-25,Tablet,North,27,18000,486000,2023,9,25
2024-07-05,Smart Watch,East,108,5000,540000,2024,7,5
2024-06-03,Headphones,West,96,3000,288000,2024,6,3
2023-10-25,Headphones,South,87,3000,261000,2023,10,25
2023-01-02,Smart Watch,North,175,5000,875000,2023,1,2
2024-07-06,Headphones,North,120,3000,360000,2024,7,6
2023-01-14,Laptop,West,139,60000,8340000,2023,1,14
2023-05-25,Tablet,North,37,18000,666000,2023,5,25
2023-03-07,Tablet,North,14,18000,252000,2023,3,7
2024-03-24,Headphones,West,173,3000,519000,2024,3,24
2023-10-28,Tablet,South,127,18000,2286000,2023,10,28
2023-09-27,Mobile,North,19,25000,475000,2023,9,27
2023-12-27,Laptop,North,29,60000,1740000,2023,12,27
2024-11-13,Headphones,North,66,3000,198000,2024,11,13
2024-07-29,Headphones,West,130,3000,390000,2024,7,29
2023-04-17,Smart Watch,East,174,5000,870000,2023,4,17
2023-11-01,Laptop,West,53,60000,3180000,2023,11,1
2023-06-05,Headphones,East,198,3000,594000,2023,6,5
2023-11-30,Mobile,North,46,25000,1150000,2023,11,30
2023-01-20,Mobile,North,10,25000,250000,2023,1,20
2023-04-29,Tablet,South,68,18000,1224000,2023,4,29
2023-06-10,Laptop,East,21,60000,1260000,2023,6,10
2024-05-04,Headphones,North,52,3000,156000,2024,5,4
2023-05-06,Mobile,North,59,25000,1475000,2023,5,6
2023-07-04,Tablet,South,160,18000,2880000,2023,7,4
2024-03-03,Headphones,East,137,3000,411000,2024,3,3
2024-09-29,Smart Watch,West,89,5000,445000,2024,9,29
2024-01-10,Mobile,North,138,25000,3450000,2024,1,10
2024-10-30,Smart Watch,East,95,5000,475000,2024,10,30
2023-06-24,Mobile,North,64,25000,1600000,2023,6,24
2023-04-29,Mobile,East,167,25000,4175000,2023,4,29
2023-04-24,Mobile,North,35,25000,875000,2023,4,24
2024-10-09,Laptop,West,81,60000,4860000,2024,10,9
2023-12-11,Headphones,North,10,3000,30000,2023,12,11
2023-05-27,Smart Watch,West,78,5000,390000,2023,5,27
2023-12-27,Mobile,South,72,25000,1800000,2023,12,27
2024-08-07,Laptop,North,98,60000,5880000,2024,8,7
2024-11-18,Smart Watch,North,86,5000,430000,2024,11,18
2023-06-08,Laptop,East,77,60000,4620000,2023,6,8
2024-09-01,Smart Watch,South,141,5000,705000,2024,9,1
2024-09-05,Tablet,South,91,18000,1638000,2024,9,5
2024-02-01,Laptop,East,92,60000,5520000,2024,2,1
2023-12-31,Tablet,North,97,18000,1746000,2023,12,31
2024-03-30,Laptop,North,152,60000,9120000,2024,3,30
2023-03-06,Headphones,South,152,3000,456000,2023,3,6
2024-08-27,Laptop,North,58,60000,3480000,2024,8,27
2024-05-11,Tablet,West,111,18000,1998000,2024,5,11
2023-09-24,Tablet,West,119,18000,2142000,2023,9,24
2023-01-03,Smart Watch,South,81,5000,405000,2023,1,3
2024-03-25,Headphones,North,163,3000,489000,2024,3,25
2024-10-26,Headphones,North,57,3000,171000,2024,10,26
2023-10-20,Headphones,West,24,3000,72000,2023,10,20
2023-02-12,Mobile,West,132,25000,3300000,2023,2,12
2024-03-02,Smart Watch,North,160,5000,800000,2024,3,2
2024-09-10,Smart Watch,West,152,5000,760000,2024,9,10
2024-12-15,Tablet,East,77,18000,1386000,2024,12,15
2023-05-21,Tablet,South,87,18000,1566000,2023,5,21
2024-01-08,Headphones,South,36,3000,108000,2024,1,8
2024-10-30,Headphones,East,145,3000,435000,2024,10,30
2023-05-24,Mobile,West,167,25000,4175000,2023,5,24
2024-10-19,Mobile,North,86,25000,2150000,2024,10,19
2024-10-05,Mobile,North,103,25000,2575000,2024,10,5
2024-04-03,Headphones,South,48,3000,144000,2024,4,3
2023-06-08,Laptop,South,198,60000,11880000,2023,6,8
2023-10-25,Headphones,West,127,3000,381000,2023,10,25
2024-01-20,Headphones,West,182,3000,546000,2024,1,20
2023-12-28,Tablet,North,128,18000,2304000,2023,12,28
2023-04-28,Smart Watch,South,146,5000,730000,2023,4,28
2023-01-26,Laptop,East,19,60000,1140000,2023,1,26
2024-01-13,Laptop,North,179,60000,10740000,2024,1,13
2024-08-06,Laptop,South,100,60000,6000000,2024,8,6
2023-10-20,Headphones,South,161,3000,483000,2023,10,20
2024-06-14,Headphones,West,176,3000,528000,2024,6,14
2023-07-21,Laptop,South,156,60000,9360000,2023,7,21
2024-11-06,Mobile,North,192,25000,4800000,2024,11,6
2023-08-30,Smart Watch,East,58,5000,290000,2023,8,30
2024-04-27,Headphones,South,170,3000,510000,2024,4,27
2024-09-22,Smart Watch,North,159,5000,795000,2024,9,22
2024-03-07,Smart Watch,East,172,5000,860000,2024,3,7
2024-03-30,Tablet,South,87,18000,1566000,2024,3,30
2023-03-18,Smart Watch,North,162,5000,810000,2023,3,18
2023-11-16,Tablet,East,94,18000,1692000,2023,11,16
2024-10-19,Tablet,South,127,18000,2286000,2024,10,19
2024-09-28,Laptop,North,33,60000,1980000,2024,9,28
2024-11-30,Tablet,West,111,18000,1998000,2024,11,30
2024-07-07,Smart Watch,South,45,5000,225000,2024,7,7
2023-12-19,Headphones,East,82,3000,246000,2023,12,19
2024-10-09,Laptop,East,79,60000,4740000,2024,10,9
2024-02-29,Headphones,North,58,3000,174000,2024,2,29
2024-10-03,Headphones,North,181,3000,543000,2024,10,3
2024-06-22,Smart Watch,West,59,5000,295000,2024,6,22
2023-03-08,Headphones,North,67,3000,201000,2023,3,8
2023-09-16,Mobile,East,181,25000,4525000,2023,9,16
2024-09-05,Laptop,East,107,60000,6420000,2024,9,5
2024-04-15,Headphones,West,159,3000,477000,2024,4,15
2024-03-17,Headphones,North,86,3000,258000,2024,3,17
2024-04-21,Laptop,East,115,60000,6900000,2024,4,21
2024-03-21,Laptop,East,153,60000,9180000,2024,3,21
2023-01-12,Laptop,West,149,60000,8940000,2023,1,12
2024-10-09,Headphones,East,153,3000,459000,2024,10,9
2024-06-25,Smart Watch,East,101,5000,505000,2024,6,25
2024-09-18,Smart Watch,West,113,5000,565000,2024,9,18
2023-09-05,Headphones,North,130,3000,390000,2023,9,5
2023-10-13,Smart Watch,West,159,5000,795000,2023,10,13
2024-03-31,Laptop,North,25,60000,1500000,2024,3,31
2024-04-04,Headphones,South,151,3000,453000,2024,4,4
2024-04-25,Mobile,North,75,25000,1875000,2024,4,25
2023-12-27,Smart Watch,South,84,5000,420000,2023,12,27
2023-06-29,Mobile,West,64,25000,1600000,2023,6,29
2023-09-19,Tablet,South,180,18000,3240000,2023,9,19
2023-05-23,Headphones,North,21,3000,63000,2023,5,23
2023-08-27,Laptop,South,175,60000,10500000,2023,8,27
2024-08-16,Smart Watch,East,167,5000,835000,2024,8,16
2023-08-04,Mobile,South,143,25000,3575000,2023,8,4
2023-03-08,Headphones,South,82,3000,246000,2023,3,8
2024-02-03,Smart Watch,East,75,5000,375000,2024,2,3
2023-05-10,Tablet,South,29,18000,522000,2023,5,10
2023-09-23,Laptop,South,34,60000,2040000,2023,9,23
2023-09-10,Laptop,West,104,60000,6240000,2023,9,10
2023-04-20,Smart Watch,West,140,5000,700000,2023,4,20
2024-04-27,Laptop,South,34,60000,2040000,2024,4,27
2024-10-14,Smart Watch,South,145,5000,725000,2024,10,14
2024-06-20,Headphones,North,197,3000,591000,2024,6,20
2023-01-12,Headphones,North,40,3000,120000,2023,1,12
2024-06-15,Mobile,North,69,25000,1725000,2024,6,15
2024-03-22,Smart Watch,East,139,5000,695000,2024,3,22
2023-03-01,Tablet,East,14,18000,252000,2023,3,1
2024-04-11,Mobile,South,98,25000,2450000,2024,4,11
2024-10-03,Tablet,South,168,18000,3024000,2024,10,3
2023-02-25,Laptop,East,92,60000,5520000,2023,2,25
2023-04-09,Smart Watch,North,165,5000,825000,2023,4,9
2023-07-09,Tablet,East,89,18000,1602000,2023,7,9
2024-02-04,Headphones,North,13,3000,39000,2024,2,4
2024-09-06,Laptop,North,112,60000,6720000,2024,9,6
2024-01-15,Headphones,North,61,3000,183000,2024,1,15
2024-02-24,Headphones,South,187,3000,561000,2024,2,24
2023-03-04,Smart Watch,West,71,5000,355000,2023,3,4
2024-04-27,Tablet,West,23,18000,414000,2024,4,27
2024-03-30,Smart Watch,North,95,5000,475000,2024,3,30
2024-10-06,Mobile,South,158,25000,3950000,2024,10,6
2023-09-03,Smart Watch,South,67,5000,335000,2023,9,3
2024-02-27,Smart Watch,North,22,5000,110000,2024,2,27
2023-08-01,Mobile,South,190,25000,4750000,2023,8,1
2023-12-04,Smart Watch,North,169,5000,845000,2023,12,4
2023-06-13,Laptop,East,197,60000,11820000,2023,6,13
2024-01-30,Smart Watch,West,192,5000,960000,2024,1,30
2024-09-20,Mobile,South,43,25000,1075000,2024,9,20
2024-07-17,Headphones,South,189,3000,567000,2024,7,17
2024-02-26,Mobile,North,51,25000,1275000,2024,2,26
2024-02-01,Laptop,North,26,60000,1560000,2024,2,1
2023-04-30,Laptop,North,138,60000,8280000,2023,4,30
2023-05-10,Headphones,West,38,3000,114000,2023,5,10
2023-04-07,Mobile,South,67,25000,1675000,2023,4,7
2023-08-20,Smart Watch,West,43,5000,215000,2023,8,20
2024-12-26,Laptop,East,154,60000,9240000,2024,12,26
2023-06-22,Tablet,North,169,18000,3042000,2023,6,22
2024-03-24,Smart Watch,West,86,5000,430000,2024,3,24
2023-07-19,Laptop,East,52,60000,3120000,2023,7,19
2024-01-20,Smart Watch,East,161,5000,805000,2024,1,20
2024-04-27,Laptop,North,157,60000,9420000,2024,4,27
2023-10-04,Mobile,East,119,25000,2975000,2023,10,4
2023-08-16,Tablet,West,152,18000,2736000,2023,8,16
2023-07-30,Tablet,West,60,18000,1080000,2023,7,30
2024-05-05,Mobile,North,14,25000,350000,2024,5,5
2023-12-16,Mobile,South,120,25000,3000000,2023,12,16
2024-01-03,Headphones,North,145,3000,435000,2024,1,3
2023-12-26,Laptop,North,187,60000,11220000,2023,12,26
2024-07-14,Headphones,South,77,3000,231000,2024,7,14
2024-08-12,Laptop,North,131,60000,7860000,2024,8,12
2023-04-29,Mobile,South,158,25000,3950000,2023,4,29
2024-11-06,Headphones,East,11,3000,33000,2024,11,6
2024-01-09,Smart Watch,North,169,5000,845000,2024,1,9
2023-12-17,Headphones,South,20,3000,60000,2023,12,17
2024-06-05,Laptop,West,155,60000,9300000,2024,6,5
2023-07-02,Laptop,North,68,60000,4080000,2023,7,2
2023-05-04,Mobile,North,123,25000,3075000,2023,5,4
2024-02-18,Headphones,North,181,3000,543000,2024,2,18
2023-10-15,Tablet,South,122,18000,2196000,2023,10,15
2023-05-02,Laptop,West,184,60000,11040000,2023,5,2
2024-06-13,Smart Watch,North,158,5000,790000,2024,6,13
2024-09-29,Headphones,West,95,3000,285000,2024,9,29
2024-10-23,Tablet,North,31,18000,558000,2024,10,23
2024-04-10,Mobile,North,189,25000,4725000,2024,4,10
2023-10-10,Mobile,East,160,25000,4000000,2023,10,10
2023-03-29,Headphones,North,31,3000,93000,2023,3,29
2024-11-13,Smart Watch,North,106,5000,530000,2024,11,13
2024-11-26,Tablet,East,127,18000,2286000,2024,11,26
2023-01-19,Smart Watch,South,48,5000,240000,2023,1,19
2023-04-18,Laptop,West,120,60000,7200000,2023,4,18
2023-05-16,Mobile,South,153,25000,3825000,2023,5,16
2024-08-06,Laptop,West,14,60000,840000,2024,8,6
2024-05-29,Laptop,West,113,60000,6780000,2024,5,29
2024-04-27,Mobile,South,19,25000,475000,2024,4,27
2024-02-09,Tablet,East,75,18000,1350000,2024,2,9
2023-04-22,Smart Watch,North,173,5000,865000,2023,4,22
2024-08-20,Mobile,South,67,25000,1675000,2024,8,20
2024-07-19,Headphones,North,23,3000,69000,2024,7,19
2024-09-24,Mobile,North,130,25000,3250000,2024,9,24
2023-01-20,Tablet,West,79,18000,1422000,2023,1,20
2023-07-30,Smart Watch,South,141,5000,705000,2023,7,30
2024-09-14,Smart Watch,West,29,5000,145000,2024,9,14
2024-06-19,Tablet,South,46,18000,828000,2024,6,19
2024-04-13,Smart Watch,South,47,5000,235000,2024,4,13
2023-07-07,Laptop,North,29,60000,1740000,2023,7,7
2023-09-30,Headphones,North,23,3000,69000,2023,9,30
2024-05-29,Smart Watch,West,195,5000,975000,2024,5,29
2023-02-24,Headphones,West,129,3000,387000,2023,2,24
2024-06-19,Mobile,South,91,25000,2275000,2024,6,19
2023-06-08,Headphones,West,156,3000,468000,2023,6,8
2023-11-15,Tablet,South,161,18000,2898000,2023,11,15
2023-04-19,Headphones,South,67,3000,201000,2023,4,19
2023-04-27,Headphones,West,28,3000,84000,2023,4,27
2024-03-07,Smart Watch,West,103,5000,515000,2024,3,7
2023-07-02,Laptop,East,155,60000,9300000,2023,7,2
2024-09-19,Laptop,East,56,60000,3360000,2024,9,19
2023-04-28,Smart Watch,North,154,5000,770000,2023,4,28
2023-07-17,Headphones,West,56,3000,168000,2023,7,17
2024-02-03,Headphones,East,112,3000,336000,2024,2,3
2023-05-17,Mobile,West,78,25000,1950000,2023,5,17
2024-05-19,Headphones,North,147,3000,441000,2024,5,19
2023-02-19,Tablet,North,116,18000,2088000,2023,2,19
2024-09-16,Smart Watch,South,90,5000,450000,2024,9,16
2024-07-16,Smart Watch,East,179,5000,895000,2024,7,16
2024-06-30,Mobile,East,78,25000,1950000,2024,6,30
2023-12-15,Smart Watch,West,58,5000,290000,2023,12,15
2023-03-15,Smart Watch,West,79,5000,395000,2023,3,15
2024-08-24,Headphones,South,48,3000,144000,2024,8,24
2024-10-02,Laptop,West,79,60000,4740000,2024,10,2
2023-07-01,Headphones,West,197,3000,591000,2023,7,1
2024-07-22,Headphones,West,45,3000,135000,2024,7,22
2024-12-25,Headphones,South,167,3000,501000,2024,12,25
2023-12-08,Headphones,East,172,3000,516000,2023,12,8
2023-08-08,Mobile,West,153,25000,3825000,2023,8,8
2023-07-01,Mobile,North,79,25000,1975000,2023,7,1
2024-07-09,Laptop,North,193,60000,11580000,2024,7,9
2024-09-10,Headphones,South,116,3000,348000,2024,9,10
2024-03-16,Smart Watch,West,187,5000,935000,2024,3,16
2024-06-02,Mobile,West,157,25000,3925000,2024,6,2
2024-04-16,Smart Watch,South,163,5000,815000,2024,4,16
2024-05-06,Laptop,North,67,60000,4020000,2024,5,6
2023-01-21,Mobile,North,140,25000,3500000,2023,1,21
2024-08-21,Mobile,North,58,25000,1450000,2024,8,21
2024-01-06,Laptop,North,137,60000,8220000,2024,1,6
2024-03-20,Laptop,North,187,60000,11220000,2024,3,20
2024-09-20,Headphones,East,80,3000,240000,2024,9,20
2024-08-20,Laptop,North,161,60000,9660000,2024,8,20
2024-07-26,Smart Watch,South,37,5000,185000,2024,7,26
2023-02-12,Laptop,East,95,60000,5700000,2023,2,12
2023-06-26,Laptop,South,107,60000,6420000,2023,6,26
2024-07-30,Mobile,North,14,25000,350000,2024,7,30
2024-05-28,Laptop,South,83,60000,4980000,2024,5,28
2023-04-08,Tablet,North,176,18000,3168000,2023,4,8
2023-03-27,Headphones,West,177,3000,531000,2023,3,27
2023-10-21,Headphones,East,147,3000,441000,2023,10,21
2024-09-02,Tablet,East,58,18000,1044000,2024,9,2
2023-02-01,Smart Watch,West,163,5000,815000,2023,2,1
2024-01-18,Headphones,South,125,3000,375000,2024,1,18
2023-08-02,Smart Watch,East,125,5000,625000,2023,8,2
2024-08-26,Tablet,North,177,18000,3186000,2024,8,26
2023-02-27,Headphones,South,122,3000,366000,2023,2,27
2024-03-22,Mobile,North,140,25000,3500000,2024,3,22
2023-02-13,Laptop,South,15,60000,900000,2023,2,13
2024-11-09,Headphones,East,98,3000,294000,2024,11,9
2024-01-14,Mobile,East,156,25000,3900000,2024,1,14
2024-12-09,Tablet,East,21,18000,378000,2024,12,9
2024-08-08,Headphones,West,50,3000,150000,2024,8,8
2023-06-13,Smart Watch,North,81,5000,405000,2023,6,13
2024-07-20,Laptop,East,152,60000,9120000,2024,7,20
2023-08-26,Mobile,South,69,25000,1725000,2023,8,26
2024-04-12,Headphones,South,16,3000,48000,2024,4,12
2024-01-22,Smart Watch,East,36,5000,180000,2024,1,22
2024-09-17,Tablet,West,170,18000,3060000,2024,9,17
2023-08-08,Laptop,East,17,60000,1020000,2023,8,8
2024-09-04,Headphones,West,116,3000,348000,2024,9,4
2024-09-04,Headphones,South,119,3000,357000,2024,9,4
2024-06-27,Laptop,West,148,60000,8880000,2024,6,27
2023-01-16,Laptop,East,118,60000,7080000,2023,1,16
2024-06-16,Smart Watch,South,13,5000,65000,2024,6,16
2023-04-12,Mobile,East,68,25000,1700000,2023,4,12
2023-09-04,Tablet,North,34,18000,612000,2023,9,4
2023-05-11,Laptop,West,34,60000,2040000,2023,5,11
2024-10-27,Smart Watch,East,198,5000,990000,2024,10,27
2024-04-20,Smart Watch,North,125,5000,625000,2024,4,20
2024-04-30,Mobile,South,69,25000,1725000,2024,4,30
2024-01-12,Tablet,South,184,18000,3312000,2024,1,12
2023-12-30,Headphones,North,140,3000,420000,2023,12,30
2024-08-10,Headphones,South,30,3000,90000,2024,8,10
2023-06-05,Mobile,South,170,25000,4250000,2023,6,5
2024-11-05,Headphones,South,50,3000,150000,2024,11,5
2023-11-03,Mobile,South,84,25000,2100000,2023,11,3
2023-10-06,Laptop,North,117,60000,7020000,2023,10,6
2024-10-12,Tablet,East,42,18000,756000,2024,10,12
2024-12-24,Smart Watch,West,171,5000,855000,2024,12,24
2023-03-07,Tablet,West,165,18000,2970000,2023,3,7
2023-02-16,Laptop,West,133,60000,7980000,2023,2,16
2023-01-01,Tablet,West,195,18000,3510000,2023,1,1
2023-05-23,Smart Watch,East,66,5000,330000,2023,5,23
2024-09-20,Smart Watch,South,151,5000,755000,2024,9,20
2024-04-04,Laptop,East,146,60000,8760000,2024,4,4
2023-07-26,Mobile,East,143,25000,3575000,2023,7,26
2023-09-08,Tablet,East,196,18000,3528000,2023,9,8
2024-08-25,Mobile,West,55,25000,1375000,2024,8,25
2024-07-03,Headphones,North,81,3000,243000,2024,7,3
2024-12-02,Tablet,East,39,18000,702000,2024,12,2
2024-05-21,Headphones,North,34,3000,102000,2024,5,21
2024-02-28,Mobile,South,159,25000,3975000,2024,2,28
2023-03-24,Tablet,East,179,18000,3222000,2023,3,24
2023-10-02,Laptop,West,182,60000,10920000,2023,10,2
2023-11-23,Laptop,East,133,60000,7980000,2023,11,23
2024-01-10,Laptop,West,28,60000,1680000,2024,1,10
2024-02-02,Smart Watch,North,173,5000,865000,2024,2,2
2024-04-09,Laptop,West,170,60000,10200000,2024,4,9
2024-01-11,Headphones,North,151,3000,453000,2024,1,11
2023-07-22,Smart Watch,East,196,5000,980000,2023,7,22
2023-11-30,Laptop,West,77,60000,4620000,2023,11,30
2024-05-28,Laptop,North,119,60000,7140000,2024,5,28
2024-08-20,Laptop,West,136,60000,8160000,2024,8,20
2023-09-12,Smart Watch,South,122,5000,610000,2023,9,12
2024-03-07,Headphones,East,20,3000,60000,2024,3,7
2024-07-29,Mobile,North,158,25000,3950000,2024,7,29
2023-11-21,Headphones,North,181,3000,543000,2023,11,21
2023-07-20,Smart Watch,North,77,5000,385000,2023,7,20
2023-02-04,Laptop,South,74,60000,4440000,2023,2,4
2023-01-08,Smart Watch,East,184,5000,920000,2023,1,8
2024-02-28,Headphones,South,85,3000,255000,2024,2,28
2023-06-23,Laptop,East,35,60000,2100000,2023,6,23
2024-08-27,Smart Watch,East,47,5000,235000,2024,8,27
2024-05-19,Smart Watch,East,141,5000,705000,2024,5,19
2024-03-30,Headphones,West,13,3000,39000,2024,3,30
2024-02-10,Headphones,North,76,3000,228000,2024,2,10
2024-05-06,Mobile,West,171,25000,4275000,2024,5,6
2023-12-13,Laptop,North,81,60000,4860000,2023,12,13
2023-03-28,Laptop,South,154,60000,9240000,2023,3,28
2024-07-26,Headphones,South,36,3000,108000,2024,7,26
2024-10-09,Tablet,West,115,18000,2070000,2024,10,9
2024-03-24,Laptop,North,118,60000,7080000,2024,3,24
2024-02-28,Tablet,West,93,18000,1674000,2024,2,28
2024-11-19,Smart Watch,North,58,5000,290000,2024,11,19
2023-10-29,Laptop,South,145,60000,8700000,2023,10,29
2024-07-08,Headphones,West,106,3000,318000,2024,7,8
2024-08-24,Smart Watch,North,186,5000,930000,2024,8,24
2024-12-04,Mobile,East,63,25000,1575000,2024,12,4
2024-01-17,Laptop,North,97,60000,5820000,2024,1,17
2024-07-02,Laptop,North,26,60000,1560000,2024,7,2
2024-07-24,Laptop,East,150,60000,9000000,2024,7,24
2024-12-04,Tablet,South,156,18000,2808000,2024,12,4
2023-11-29,Smart Watch,North,177,5000,885000,2023,11,29
2024-09-11,Tablet,West,81,18000,1458000,2024,9,11
2024-03-31,Smart Watch,North,118,5000,590000,2024,3,31
2023-09-25,Smart Watch,West,170,5000,850000,2023,9,25
2023-10-28,Mobile,East,17,25000,425000,2023,10,28
2023-06-02,Tablet,South,96,18000,1728000,2023,6,2
2024-10-31,Smart Watch,East,186,5000,930000,2024,10,31
2024-11-17,Headphones,South,155,3000,465000,2024,11,17
2023-11-20,Laptop,East,173,60000,10380000,2023,11,20
2024-08-16,Smart Watch,East,165,5000,825000,2024,8,16
2023-03-25,Laptop,North,85,60000,5100000,2023,3,25
2024-01-13,Tablet,East,50,18000,900000,2024,1,13
2023-04-15,Mobile,South,60,25000,1500000,2023,4,15
2023-09-23,Mobile,East,127,25000,3175000,2023,9,23
2024-12-13,Laptop,East,37,60000,2220000,2024,12,13
2023-03-25,Tablet,North,11,18000,198000,2023,3,25
2024-08-27,Tablet,West,103,18000,1854000,2024,8,27
2023-10-23,Mobile,North,178,25000,4450000,2023,10,23
2023-09-25,Tablet,East,74,18000,1332000,2023,9,25
2023-11-07,Smart Watch,East,110,5000,550000,2023,11,7
2023-08-01,Laptop,East,162,60000,9720000,2023,8,1
2023-10-06,Laptop,South,37,60000,2220000,2023,10,6
2023-10-04,Tablet,South,173,18000,3114000,2023,10,4
2024-09-02,Smart Watch,East,82,5000,410000,2024,9,2
2024-09-25,Headphones,West,107,3000,321000,2024,9,25
2024-03-26,Tablet,West,181,18000,3258000,2024,3,26
2023-02-10,Tablet,West,169,18000,3042000,2023,2,10
2023-04-28,Headphones,West,170,3000,510000,2023,4,28
2024-11-09,Mobile,West,165,25000,4125000,2024,11,9
2023-01-07,Headphones,North,65,3000,195000,2023,1,7
2023-07-12,Headphones,East,166,3000,498000,2023,7,12
2023-07-21,Headphones,South,172,3000,516000,2023,7,21
2024-03-02,Tablet,South,148,18000,2664000,2024,3,2
2024-07-29,Smart Watch,West,171,5000,855000,2024,7,29
2024-11-18,Headphones,West,74,3000,222000,2024,11,18
2023-01-31,Headphones,North,118,3000,354000,2023,1,31
2024-03-09,Smart Watch,South,129,5000,645000,2024,3,9
2023-12-10,Tablet,East,84,18000,1512000,2023,12,10
2024-07-10,Headphones,South,164,3000,492000,2024,7,10
2024-03-05,Tablet,West,60,18000,1080000,2024,3,5
2023-09-19,Tablet,North,152,18000,2736000,2023,9,19
2023-09-02,Mobile,North,131,25000,3275000,2023,9,2
2023-05-05,Smart Watch,South,133,5000,665000,2023,5,5
2023-02-04,Headphones,South,122,3000,366000,2023,2,4
2023-03-18,Tablet,East,135,18000,2430000,2023,3,18
2024-05-14,Laptop,North,31,60000,1860000,2024,5,14
2023-03-09,Smart Watch,North,58,5000,290000,2023,3,9
2024-11-04,Smart Watch,South,62,5000,310000,2024,11,4
2024-01-14,Tablet,East,51,18000,918000,2024,1,14
2023-12-20,Smart Watch,East,94,5000,470000,2023,12,20
2024-01-18,Headphones,North,53,3000,159000,2024,1,18
2023-05-19,Headphones,East,138,3000,414000,2023,5,19
2024-08-26,Smart Watch,East,150,5000,750000,2024,8,26
2023-04-21,Mobile,East,188,25000,4700000,2023,4,21
2024-05-23,Laptop,East,91,60000,5460000,2024,5,23
2023-04-14,Laptop,West,28,60000,1680000,2023,4,14
2023-06-14,Smart Watch,West,37,5000,185000,2023,6,14
2024-05-31,Laptop,North,173,60000,10380000,2024,5,31
2024-10-20,Tablet,North,107,18000,1926000,2024,10,20
2023-09-24,Smart Watch,East,149,5000,745000,2023,9,24
2023-09-03,Smart Watch,South,148,5000,740000,2023,9,3
2024-05-01,Headphones,North,193,3000,579000,2024,5,1
2023-01-20,Laptop,South,21,60000,1260000,2023,1,20
2024-08-04,Laptop,East,156,60000,9360000,2024,8,4
2024-10-27,Headphones,West,61,3000,183000,2024,10,27
2024-08-04,Mobile,West,111,25000,2775000,2024,8,4
2024-08-09,Laptop,South,160,60000,9600000,2024,8,9
2024-02-03,Tablet,East,188,18000,3384000,2024,2,3
2023-03-23,Headphones,East,184,3000,552000,2023,3,23
2023-12-31,Tablet,West,82,18000,1476000,2023,12,31
2023-04-26,Smart Watch,North,90,5000,450000,2023,4,26
2023-05-27,Tablet,East,78,18000,1404000,2023,5,27
2023-01-13,Smart Watch,East,123,5000,615000,2023,1,13
2024-04-24,Smart Watch,South,180,5000,900000,2024,4,24
2024-07-19,Mobile,South,73,25000,1825000,2024,7,19
2023-05-06,Smart Watch,West,178,5000,890000,2023,5,6
2024-10-25,Tablet,West,39,18000,702000,2024,10,25
2023-02-26,Tablet,East,123,18000,2214000,2023,2,26
2023-09-21,Mobile,North,80,25000,2000000,2023,9,21
2024-06-25,Tablet,North,45,18000,810000,2024,6,25
2023-01-25,Smart Watch,North,152,5000,760000,2023,1,25
2024-07-02,Smart Watch,West,145,5000,725000,2024,7,2
2023-07-07,Laptop,East,10,60000,600000,2023,7,7
2024-11-06,Tablet,South,113,18000,2034000,2024,11,6
2024-06-18,Laptop,South,183,60000,10980000,2024,6,18
2024-01-19,Headphones,South,111,3000,333000,2024,1,19
2023-03-16,Tablet,West,12,18000,216000,2023,3,16
2023-07-07,Smart Watch,North,43,5000,215000,2023,7,7
2023-02-14,Smart Watch,East,132,5000,660000,2023,2,14
2023-12-24,Mobile,West,154,25000,3850000,2023,12,24
2024-01-10,Mobile,South,133,25000,3325000,2024,1,10
2024-10-17,Headphones,South,22,3000,66000,2024,10,17
2023-07-03,Headphones,South,48,3000,144000,2023,7,3
2024-03-26,Tablet,South,62,18000,1116000,2024,3,26
2023-11-17,Laptop,North,167,60000,10020000,2023,11,17
2024-03-12,Smart Watch,North,156,5000,780000,2024,3,12
2023-02-22,Tablet,North,34,18000,612000,2023,2,22
2024-12-26,Laptop,East,32,60000,1920000,2024,12,26
2024-06-27,Mobile,South,63,25000,1575000,2024,6,27
2024-07-17,Headphones,West,123,3000,369000,2024,7,17
2023-01-14,Mobile,West,119,25000,2975000,2023,1,14
2023-02-22,Headphones,North,68,3000,204000,2023,2,22
2024-04-15,Mobile,West,128,25000,3200000,2024,4,15
2023-10-17,Mobile,West,107,25000,2675000,2023,10,17
2024-09-30,Tablet,North,58,18000,1044000,2024,9,30
2024-08-13,Laptop,East,102,60000,6120000,2024,8,13
2023-06-03,Mobile,West,47,25000,1175000,2023,6,3
2023-07-28,Mobile,West,178,25000,4450000,2023,7,28
2024-01-25,Smart Watch,West,130,5000,650000,2024,1,25
2023-06-06,Headphones,East,130,3000,390000,2023,6,6
2024-07-30,Tablet,East,146,18000,2628000,2024,7,30
2024-11-04,Headphones,West,109,3000,327000,2024,11,4
2023-05-21,Tablet,North,121,18000,2178000,2023,5,21
2024-07-21,Headphones,East,174,3000,522000,2024,7,21
2024-02-05,Mobile,East,166,25000,4150000,2024,2,5
2024-12-29,Mobile,East,32,25000,800000,2024,12,29
2024-12-25,Smart Watch,East,22,5000,110000,2024,12,25
2023-04-11,Laptop,West,117,60000,7020000,2023,4,11
2024-06-06,Laptop,West,184,60000,11040000,2024,6,6
2024-08-28,Laptop,North,93,60000,5580000,2024,8,28
2024-12-23,Headphones,North,51,3000,153000,2024,12,23
2023-04-11,Headphones,West,50,3000,150000,2023,4,11
2023-12-21,Mobile,West,114,25000,2850000,2023,12,21
2024-03-30,Laptop,North,150,60000,9000000,2024,3,30
2023-04-10,Mobile,West,146,25000,3650000,2023,4,10
2023-11-25,Tablet,South,193,18000,3474000,2023,11,25
2023-04-10,Smart Watch,East,182,5000,910000,2023,4,10
2023-06-11,Laptop,West,17,60000,1020000,2023,6,11
2023-09-20,Headphones,South,12,3000,36000,2023,9,20
2023-01-28,Headphones,West,158,3000,474000,2023,1,28
2024-06-23,Laptop,West,30,60000,1800000,2024,6,23
2023-09-09,Tablet,East,22,18000,396000,2023,9,9
2023-11-09,Laptop,South,63,60000,3780000,2023,11,9
2024-10-11,Smart Watch,West,56,5000,280000,2024,10,11
2023-02-22,Mobile,South,22,25000,550000,2023,2,22
2024-11-07,Mobile,South,90,25000,2250000,2024,11,7
2024-02-02,Mobile,East,162,25000,4050000,2024,2,2
2024-01-22,Laptop,West,191,60000,11460000,2024,1,22
2024-06-19,Smart Watch,East,162,5000,810000,2024,6,19
2024-01-13,Headphones,South,74,3000,222000,2024,1,13
2023-04-29,Headphones,West,184,3000,552000,2023,4,29
2024-04-09,Headphones,South,36,3000,108000,2024,4,9
2024-05-16,Smart Watch,South,196,5000,980000,2024,5,16
2023-06-24,Laptop,South,174,60000,10440000,2023,6,24
2023-05-14,Smart Watch,North,42,5000,210000,2023,5,14
2023-02-24,Mobile,East,66,25000,1650000,2023,2,24
2024-09-29,Headphones,West,52,3000,156000,2024,9,29
2024-01-08,Headphones,North,144,3000,432000,2024,1,8
2023-08-16,Tablet,North,169,18000,3042000,2023,8,16
2023-11-27,Laptop,East,54,60000,3240000,2023,11,27
2023-08-02,Tablet,West,113,18000,2034000,2023,8,2
2023-07-14,Smart Watch,North,166,5000,830000,2023,7,14
2024-09-01,Mobile,West,88,25000,2200000,2024,9,1
2023-05-04,Headphones,South,13,3000,39000,2023,5,4
2024-08-24,Laptop,East,142,60000,8520000,2024,8,24
2024-08-30,Headphones,South,84,3000,252000,2024,8,30
2023-05-23,Headphones,South,26,3000,78000,2023,5,23
2024-07-24,Mobile,West,115,25000,2875000,2024,7,24
2024-03-16,Mobile,North,147,25000,3675000,2024,3,16
2024-05-21,Smart Watch,East,20,5000,100000,2024,5,21
2024-04-05,Smart Watch,West,113,5000,565000,2024,4,5
2023-03-09,Headphones,East,74,3000,222000,2023,3,9
2023-02-18,Headphones,South,191,3000,573000,2023,2,18
2024-11-30,Laptop,East,168,60000,10080000,2024,11,30
2024-05-03,Mobile,South,123,25000,3075000,2024,5,3
2023-01-05,Headphones,West,114,3000,342000,2023,1,5
2024-04-03,Laptop,South,175,60000,10500000,2024,4,3
2023-01-15,Smart Watch,South,30,5000,150000,2023,1,15
2024-07-11,Smart Watch,South,47,5000,235000,2024,7,11
2024-07-27,Mobile,South,55,25000,1375000,2024,7,27
2023-08-11,Tablet,South,15,18000,270000,2023,8,11
2023-04-03,Headphones,North,117,3000,351000,2023,4,3
2023-06-10,Laptop,West,84,60000,5040000,2023,6,10
2023-11-29,Mobile,East,104,25000,2600000,2023,11,29
2024-10-29,Headphones,South,178,3000,534000,2024,10,29
2023-09-29,Headphones,East,57,3000,171000,2023,9,29
2024-11-26,Tablet,South,199,18000,3582000,2024,11,26
2023-11-28,Tablet,North,98,18000,1764000,2023,11,28
2023-10-01,Tablet,East,64,18000,1152000,2023,10,1
2023-06-03,Headphones,West,124,3000,372000,2023,6,3
2024-07-24,Smart Watch,South,26,5000,130000,2024,7,24
2024-09-10,Tablet,North,89,18000,1602000,2024,9,10
2024-03-25,Mobile,East,17,25000,425000,2024,3,25
2024-05-09,Laptop,East,48,60000,2880000,2024,5,9
2024-08-15,Tablet,West,97,18000,1746000,2024,8,15
2023-04-03,Headphones,North,174,3000,522000,2023,4,3
2023-03-15,Headphones,North,165,3000,495000,2023,3,15
2023-09-12,Tablet,North,179,18000,3222000,2023,9,12
2023-11-18,Tablet,South,110,18000,1980000,2023,11,18
2023-06-04,Laptop,North,117,60000,7020000,2023,6,4
2024-10-14,Smart Watch,South,18,5000,90000,2024,10,14
2024-03-13,Tablet,South,138,18000,2484000,2024,3,13
2024-11-02,Laptop,North,80,60000,4800000,2024,11,2
2024-02-08,Smart Watch,South,172,5000,860000,2024,2,8
2024-09-02,Laptop,East,100,60000,6000000,2024,9,2
2024-12-18,Laptop,South,182,60000,10920000,2024,12,18
2023-04-26,Smart Watch,West,190,5000,950000,2023,4,26
2023-04-01,Mobile,West,123,25000,3075000,2023,4,1
2023-02-27,Mobile,North,157,25000,3925000,2023,2,27
2024-09-19,Mobile,East,50,25000,1250000,2024,9,19
2023-04-15,Smart Watch,South,154,5000,770000,2023,4,15
2023-10-05,Mobile,West,178,25000,4450000,2023,10,5
2024-08-02,Smart Watch,West,148,5000,740000,2024,8,2
2024-10-22,Tablet,West,35,18000,630000,2024,10,22
2024-02-07,Smart Watch,West,56,5000,280000,2024,2,7
2023-11-23,Mobile,West,142,25000,3550000,2023,11,23
2024-02-09,Headphones,East,115,3000,345000,2024,2,9
2023-03-25,Mobile,West,118,25000,2950000,2023,3,25
2023-08-09,Laptop,West,156,60000,9360000,2023,8,9
2023-04-22,Headphones,South,77,3000,231000,2023,4,22
2023-09-28,Tablet,North,138,18000,2484000,2023,9,28
2024-12-07,Tablet,West,198,18000,3564000,2024,12,7
2023-06-13,Mobile,North,33,25000,825000,2023,6,13
2024-06-19,Mobile,West,76,25000,1900000,2024,6,19
2023-10-17,Laptop,North,190,60000,11400000,2023,10,17
2023-09-05,Headphones,East,118,3000,354000,2023,9,5
2024-08-03,Smart Watch,South,178,5000,890000,2024,8,3
2024-05-23,Laptop,West,63,60000,3780000,2024,5,23
2023-11-22,Smart Watch,North,147,5000,735000,2023,11,22
2024-11-10,Smart Watch,North,12,5000,60000,2024,11,10
2024-01-19,Tablet,South,56,18000,1008000,2024,1,19
2023-02-07,Tablet,East,173,18000,3114000,2023,2,7
2023-06-18,Smart Watch,North,96,5000,480000,2023,6,18
2023-11-02,Smart Watch,North,121,5000,605000,2023,11,2
2024-02-15,Tablet,South,194,18000,3492000,2024,2,15
2024-01-17,Tablet,East,127,18000,2286000,2024,1,17
2024-07-04,Smart Watch,South,158,5000,790000,2024,7,4
2023-09-29,Tablet,East,40,18000,720000,2023,9,29
2023-07-21,Tablet,South,18,18000,324000,2023,7,21
2024-10-12,Mobile,South,26,25000,650000,2024,10,12
2024-07-13,Headphones,East,162,3000,486000,2024,7,13
2024-09-26,Smart Watch,North,111,5000,555000,2024,9,26
2023-07-10,Laptop,East,45,60000,2700000,2023,7,10
2023-03-22,Laptop,East,97,60000,5820000,2023,3,22
2023-07-13,Tablet,South,10,18000,180000,2023,7,13
2024-02-11,Mobile,East,135,25000,3375000,2024,2,11
2023-11-09,Laptop,South,178,60000,10680000,2023,11,9
2024-04-21,Laptop,North,79,60000,4740000,2024,4,21
2023-09-19,Headphones,West,12,3000,36000,2023,9,19
2023-12-03,Laptop,West,121,60000,7260000,2023,12,3
2023-06-24,Smart Watch,East,74,5000,370000,2023,6,24
2024-04-18,Headphones,West,105,3000,315000,2024,4,18
2023-05-08,Headphones,South,122,3000,366000,2023,5,8
2023-02-12,Headphones,East,87,3000,261000,2023,2,12
2023-09-27,Mobile,North,141,25000,3525000,2023,9,27
2024-12-28,Tablet,North,92,18000,1656000,2024,12,28
2023-06-17,Tablet,North,36,18000,648000,2023,6,17
2023-12-02,Smart Watch,West,73,5000,365000,2023,12,2
2024-04-27,Tablet,West,89,18000,1602000,2024,4,27
2024-07-08,Mobile,North,157,25000,3925000,2024,7,8
2023-04-05,Headphones,West,160,3000,480000,2023,4,5
2024-05-28,Tablet,North,81,18000,1458000,2024,5,28
2024-06-02,Tablet,South,25,18000,450000,2024,6,2
2024-08-17,Tablet,South,81,18000,1458000,2024,8,17
2023-05-04,Laptop,North,21,60000,1260000,2023,5,4
2023-05-06,Smart Watch,East,142,5000,710000,2023,5,6
2023-10-10,Headphones,North,143,3000,429000,2023,10,10
2023-04-07,Smart Watch,North,165,5000,825000,2023,4,7
2023-03-10,Tablet,North,71,18000,1278000,2023,3,10
2023-02-19,Laptop,East,132,60000,7920000,2023,2,19
2024-03-25,Headphones,North,150,3000,450000,2024,3,25
2023-03-25,Tablet,West,63,18000,1134000,2023,3,25
2024-04-21,Headphones,North,33,3000,99000,2024,4,21
2023-12-04,Mobile,North,66,25000,1650000,2023,12,4
2024-01-27,Mobile,South,166,25000,4150000,2024,1,27
2023-07-21,Laptop,South,15,60000,900000,2023,7,21
2024-07-23,Smart Watch,West,71,5000,355000,2024,7,23
2024-11-11,Smart Watch,South,178,5000,890000,2024,11,11
2024-11-19,Headphones,East,140,3000,420000,2024,11,19
2023-04-08,Laptop,East,11,60000,660000,2023,4,8
2024-09-27,Mobile,South,31,25000,775000,2024,9,27
2023-06-03,Tablet,East,48,18000,864000,2023,6,3
2023-08-07,Smart Watch,East,29,5000,145000,2023,8,7
2024-07-06,Headphones,West,156,3000,468000,2024,7,6
2024-08-18,Tablet,East,75,18000,1350000,2024,8,18
2024-02-18,Smart Watch,South,159,5000,795000,2024,2,18
2023-05-14,Tablet,South,82,18000,1476000,2023,5,14
2024-04-25,Laptop,East,109,60000,6540000,2024,4,25
2023-02-28,Headphones,South,166,3000,498000,2023,2,28
2024-03-27,Laptop,East,163,60000,9780000,2024,3,27
2023-09-23,Smart Watch,East,68,5000,340000,2023,9,23
2024-10-23,Tablet,West,158,18000,2844000,2024,10,23
2023-09-05,Headphones,South,167,3000,501000,2023,9,5
2023-01-25,Smart Watch,West,122,5000,610000,2023,1,25
2023-10-28,Headphones,East,58,3000,174000,2023,10,28
2023-05-17,Headphones,East,138,3000,414000,2023,5,17
2024-10-11,Headphones,North,55,3000,165000,2024,10,11
2024-09-09,Laptop,South,123,60000,7380000,2024,9,9
2023-02-23,Mobile,East,94,25000,2350000,2023,2,23
2023-05-07,Laptop,West,120,60000,7200000,2023,5,7
2023-09-28,Headphones,North,132,3000,396000,2023,9,28
2023-03-14,Tablet,South,156,18000,2808000,2023,3,14
2023-09-05,Headphones,North,52,3000,156000,2023,9,5
2024-01-12,Laptop,South,187,60000,11220000,2024,1,12
2023-07-31,Smart Watch,West,48,5000,240000,2023,7,31
2024-01-04,Smart Watch,East,120,5000,600000,2024,1,4
2024-04-24,Headphones,East,72,3000,216000,2024,4,24
2024-01-01,Smart Watch,East,185,5000,925000,2024,1,1
2023-10-23,Tablet,North,187,18000,3366000,2023,10,23
2023-11-10,Laptop,East,25,60000,1500000,2023,11,10
2023-12-04,Mobile,South,47,25000,1175000,2023,12,4
2024-09-30,Tablet,West,196,18000,3528000,2024,9,30
2023-11-15,Smart Watch,West,183,5000,915000,2023,11,15
2024-01-22,Mobile,South,74,25000,1850000,2024,1,22
2024-08-25,Tablet,South,82,18000,1476000,2024,8,25
2024-05-23,Tablet,North,48,18000,864000,2024,5,23
2024-01-04,Headphones,West,106,3000,318000,2024,1,4
2024-11-24,Smart Watch,North,91,5000,455000,2024,11,24
2024-07-21,Tablet,North,11,18000,198000,2024,7,21
2024-03-20,Mobile,East,132,25000,3300000,2024,3,20
2023-07-07,Mobile,West,173,25000,4325000,2023,7,7
2024-09-17,Headphones,East,46,3000,138000,2024,9,17
2023-12-01,Headphones,South,107,3000,321000,2023,12,1
2023-03-04,Tablet,South,194,18000,3492000,2023,3,4
2023-07-24,Headphones,South,144,3000,432000,2023,7,24
2024-07-26,Tablet,South,97,18000,1746000,2024,7,26
2023-07-26,Laptop,East,12,60000,720000,2023,7,26
2023-05-01,Laptop,South,47,60000,2820000,2023,5,1
2023-12-07,Smart Watch,North,101,5000,505000,2023,12,7
2023-01-21,Mobile,East,118,25000,2950000,2023,1,21
2023-10-30,Headphones,East,44,3000,132000,2023,10,30
2023-03-10,Laptop,West,149,60000,8940000,2023,3,10
2024-03-19,Tablet,West,32,18000,576000,2024,3,19
2024-10-26,Smart Watch,North,72,5000,360000,2024,10,26
2023-02-21,Laptop,North,64,60000,3840000,2023,2,21
2024-06-27,Smart Watch,West,119,5000,595000,2024,6,27
2023-06-26,Mobile,South,48,25000,1200000,2023,6,26
2023-04-07,Laptop,North,70,60000,4200000,2023,4,7
2023-05-17,Tablet,North,44,18000,792000,2023,5,17
2023-02-08,Laptop,South,14,60000,840000,2023,2,8
2024-03-01,Laptop,West,167,60000,10020000,2024,3,1
2024-12-26,Laptop,North,174,60000,10440000,2024,12,26
2024-08-21,Smart Watch,West,55,5000,275000,2024,8,21
2024-01-07,Smart Watch,North,113,5000,565000,2024,1,7
2024-08-19,Mobile,North,143,25000,3575000,2024,8,19
2024-09-11,Mobile,South,159,25000,3975000,2024,9,11
2023-10-16,Laptop,South,169,60000,10140000,2023,10,16
2024-05-13,Mobile,South,124,25000,3100000,2024,5,13
2024-11-04,Laptop,South,37,60000,2220000,2024,11,4
2023-01-11,Tablet,South,152,18000,2736000,2023,1,11
2024-01-17,Headphones,West,81,3000,243000,2024,1,17
2023-12-29,Smart Watch,North,184,5000,920000,2023,12,29
2023-10-16,Laptop,East,83,60000,4980000,2023,10,16
2023-06-24,Mobile,North,166,25000,4150000,2023,6,24
2023-12-20,Tablet,North,138,18000,2484000,2023,12,20
2023-04-03,Smart Watch,West,186,5000,930000,2023,4,3
2023-09-02,Smart Watch,North,48,5000,240000,2023,9,2
2024-10-01,Mobile,North,80,25000,2000000,2024,10,1
2023-09-26,Smart Watch,South,58,5000,290000,2023,9,26
2024-03-26,Mobile,North,112,25000,2800000,2024,3,26
2023-07-12,Laptop,South,26,60000,1560000,2023,7,12
2023-06-20,Laptop,East,140,60000,8400000,2023,6,20
2023-07-26,Smart Watch,North,169,5000,845000,2023,7,26
2024-01-15,Laptop,South,165,60000,9900000,2024,1,15
2023-03-14,Laptop,North,95,60000,5700000,2023,3,14
2023-12-02,Laptop,East,117,60000,7020000,2023,12,2
2024-09-21,Laptop,East,166,60000,9960000,2024,9,21
2023-12-05,Tablet,South,178,18000,3204000,2023,12,5
2024-03-04,Tablet,East,190,18000,3420000,2024,3,4
2024-06-25,Laptop,West,155,60000,9300000,2024,6,25
2024-03-10,Mobile,West,145,25000,3625000,2024,3,10
2024-06-17,Headphones,East,194,3000,582000,2024,6,17
2023-10-19,Headphones,West,66,3000,198000,2023,10,19
2023-02-18,Smart Watch,South,75,5000,375000,2023,2,18
2023-11-29,Smart Watch,South,88,5000,440000,2023,11,29
2024-06-15,Smart Watch,East,76,5000,380000,2024,6,15
2023-01-03,Tablet,East,71,18000,1278000,2023,1,3
2024-10-05,Tablet,West,125,18000,2250000,2024,10,5
2023-05-02,Tablet,West,100,18000,1800000,2023,5,2
2024-02-18,Tablet,South,71,18000,1278000,2024,2,18
2023-09-13,Laptop,North,101,60000,6060000,2023,9,13
2024-11-01,Headphones,South,70,3000,210000,2024,11,1
2024-05-18,Laptop,West,145,60000,8700000,2024,5,18
2023-07-20,Mobile,South,110,25000,2750000,2023,7,20
2024-01-03,Smart Watch,South,48,5000,240000,2024,1,3
2024-04-24,Mobile,West,108,25000,2700000,2024,4,24
2024-04-29,Tablet,West,53,18000,954000,2024,4,29
2024-06-24,Tablet,East,101,18000,1818000,2024,6,24
2023-09-22,Headphones,South,166,3000,498000,2023,9,22
2024-03-17,Laptop,West,140,60000,8400000,2024,3,17
2024-07-29,Mobile,West,71,25000,1775000,2024,7,29
2024-11-12,Smart Watch,North,20,5000,100000,2024,11,12
2023-02-23,Tablet,North,49,18000,882000,2023,2,23
2023-08-25,Tablet,South,103,18000,1854000,2023,8,25
2024-12-16,Mobile,West,148,25000,3700000,2024,12,16
2023-07-26,Laptop,South,11,60000,660000,2023,7,26
2023-06-27,Headphones,East,99,3000,297000,2023,6,27
2024-10-19,Laptop,West,71,60000,4260000,2024,10,19
2024-05-19,Tablet,South,70,18000,1260000,2024,5,19
2023-05-09,Smart Watch,West,165,5000,825000,2023,5,9
2024-01-13,Smart Watch,East,109,5000,545000,2024,1,13
2024-08-08,Smart Watch,East,141,5000,705000,2024,8,8
2024-04-24,Headphones,South,110,3000,330000,2024,4,24
2023-12-06,Headphones,North,37,3000,111000,2023,12,6
2024-01-27,Laptop,North,72,60000,4320000,2024,1,27
2024-06-17,Smart Watch,North,105,5000,525000,2024,6,17
2024-11-05,Smart Watch,West,129,5000,645000,2024,11,5
2024-11-20,Laptop,West,119,60000,7140000,2024,11,20
2024-11-29,Smart Watch,East,113,5000,565000,2024,11,29
2023-03-18,Mobile,South,17,25000,425000,2023,3,18
2023-11-27,Laptop,South,134,60000,8040000,2023,11,27
2024-07-03,Tablet,West,149,18000,2682000,2024,7,3
2023-10-26,Smart Watch,East,100,5000,500000,2023,10,26
2024-04-24,Smart Watch,South,118,5000,590000,2024,4,24
2024-11-05,Smart Watch,North,122,5000,610000,2024,11,5
2024-04-03,Tablet,North,191,18000,3438000,2024,4,3
2024-05-22,Smart Watch,East,95,5000,475000,2024,5,22
2023-06-15,Mobile,North,109,25000,2725000,2023,6,15
2024-11-25,Tablet,South,108,18000,1944000,2024,11,25
2024-05-29,Smart Watch,North,134,5000,670000,2024,5,29
2023-05-18,Tablet,North,77,18000,1386000,2023,5,18
2024-07-26,Smart Watch,East,28,5000,140000,2024,7,26
2024-11-13,Mobile,South,70,25000,1750000,2024,11,13
2024-10-26,Headphones,West,96,3000,288000,2024,10,26
2024-10-12,Mobile,East,37,25000,925000,2024,10,12
2024-12-09,Tablet,North,60,18000,1080000,2024,12,9
2024-10-22,Headphones,South,141,3000,423000,2024,10,22
2023-04-23,Mobile,West,175,25000,4375000,2023,4,23
2023-01-14,Tablet,West,148,18000,2664000,2023,1,14
2023-07-08,Mobile,East,64,25000,1600000,2023,7,8
2024-11-24,Mobile,West,84,25000,2100000,2024,11,24
2023-10-04,Headphones,North,96,3000,288000,2023,10,4
2024-02-29,Tablet,East,98,18000,1764000,2024,2,29
2023-07-01,Mobile,South,92,25000,2300000,2023,7,1
2023-03-05,Headphones,North,152,3000,456000,2023,3,5
2024-09-07,Headphones,South,184,3000,552000,2024,9,7
2024-12-21,Smart Watch,South,151,5000,755000,2024,12,21
2024-03-09,Headphones,South,121,3000,363000,2024,3,9
2024-01-10,Tablet,East,21,18000,378000,2024,1,10
2023-10-23,Headphones,South,175,3000,525000,2023,10,23
2024-10-04,Headphones,West,99,3000,297000,2024,10,4
2023-04-04,Smart Watch,North,75,5000,375000,2023,4,4
2024-03-13,Mobile,East,117,25000,2925000,2024,3,13
2023-05-30,Headphones,West,38,3000,114000,2023,5,30
2023-10-23,Mobile,South,137,25000,3425000,2023,10,23
2023-12-06,Headphones,East,153,3000,459000,2023,12,6
2024-06-02,Smart Watch,East,193,5000,965000,2024,6,2
2023-06-04,Smart Watch,East,97,5000,485000,2023,6,4
2023-09-13,Laptop,East,188,60000,11280000,2023,9,13
2023-07-31,Smart Watch,South,128,5000,640000,2023,7,31
2023-09-21,Smart Watch,South,119,5000,595000,2023,9,21
2023-10-03,Headphones,East,62,3000,186000,2023,10,3
2024-09-22,Headphones,North,26,3000,78000,2024,9,22
2023-03-05,Mobile,South,166,25000,4150000,2023,3,5
2024-05-08,Tablet,South,187,18000,3366000,2024,5,8
2023-03-12,Headphones,South,43,3000,129000,2023,3,12
2023-10-03,Mobile,South,147,25000,3675000,2023,10,3
2024-07-17,Smart Watch,West,140,5000,700000,2024,7,17
2024-09-29,Laptop,West,81,60000,4860000,2024,9,29
2023-10-23,Headphones,West,160,3000,480000,2023,10,23
2023-12-26,Tablet,South,145,18000,2610000,2023,12,26
2023-04-03,Headphones,South,48,3000,144000,2023,4,3
2024-06-23,Laptop,West,134,60000,8040000,2024,6,23
2023-01-13,Headphones,North,35,3000,105000,2023,1,13
2023-03-27,Headphones,East,91,3000,273000,2023,3,27
2023-06-15,Mobile,East,128,25000,3200000,2023,6,15
2023-01-11,Headphones,South,105,3000,315000,2023,1,11
2023-07-09,Smart Watch,West,19,5000,95000,2023,7,9
2024-02-28,Tablet,West,121,18000,2178000,2024,2,28
2024-03-21,Laptop,North,66,60000,3960000,2024,3,21
2024-03-14,Mobile,North,193,25000,4825000,2024,3,14
2023-08-14,Laptop,South,150,60000,9000000,2023,8,14
2023-03-30,Mobile,East,177,25000,4425000,2023,3,30
2024-02-03,Mobile,East,72,25000,1800000,2024,2,3
2024-05-17,Smart Watch,North,41,5000,205000,2024,5,17
2024-01-28,Headphones,South,91,3000,273000,2024,1,28
2024-12-20,Laptop,East,85,60000,5100000,2024,12,20
2024-03-03,Tablet,West,80,18000,1440000,2024,3,3
2023-08-15,Mobile,West,192,25000,4800000,2023,8,15
2024-12-08,Tablet,North,71,18000,1278000,2024,12,8
2024-05-02,Smart Watch,North,90,5000,450000,2024,5,2
2023-08-17,Tablet,North,197,18000,3546000,2023,8,17
2023-09-27,Headphones,West,48,3000,144000,2023,9,27
2023-03-13,Laptop,North,169,60000,10140000,2023,3,13
2023-07-06,Headphones,North,165,3000,495000,2023,7,6
2024-10-04,Smart Watch,South,159,5000,795000,2024,10,4
2024-08-30,Smart Watch,South,81,5000,405000,2024,8,30
2023-07-04,Tablet,South,140,18000,2520000,2023,7,4
2024-11-29,Headphones,North,68,3000,204000,2024,11,29
2023-12-15,Smart Watch,South,61,5000,305000,2023,12,15
2023-12-11,Laptop,East,93,60000,5580000,2023,12,11
2024-05-01,Headphones,North,54,3000,162000,2024,5,1
2024-09-30,Mobile,South,186,25000,4650000,2024,9,30
2023-10-03,Headphones,North,90,3000,270000,2023,10,3
2024-04-25,Laptop,East,26,60000,1560000,2024,4,25
2023-02-27,Mobile,East,118,25000,2950000,2023,2,27
2023-10-06,Tablet,South,120,18000,2160000,2023,10,6
2024-11-29,Smart Watch,East,165,5000,825000,2024,11,29
2024-04-17,Smart Watch,West,128,5000,640000,2024,4,17
2023-01-02,Mobile,East,154,25000,3850000,2023,1,2
2023-10-13,Smart Watch,West,103,5000,515000,2023,10,13
2023-12-04,Smart Watch,East,103,5000,515000,2023,12,4
2024-10-22,Laptop,West,125,60000,7500000,2024,10,22
2023-05-23,Laptop,West,117,60000,7020000,2023,5,23
2024-04-23,Smart Watch,East,137,5000,685000,2024,4,23
2024-11-22,Laptop,North,61,60000,3660000,2024,11,22
2024-10-10,Laptop,West,84,60000,5040000,2024,10,10
2023-04-08,Laptop,West,24,60000,1440000,2023,4,8
2023-05-20,Laptop,North,194,60000,11640000,2023,5,20
2023-03-13,Tablet,South,21,18000,378000,2023,3,13
2023-11-17,Tablet,West,51,18000,918000,2023,11,17
2024-12-02,Tablet,East,112,18000,2016000,2024,12,2
2024-11-13,Laptop,North,169,60000,10140000,2024,11,13
2024-05-20,Smart Watch,North,94,5000,470000,2024,5,20
2024-02-28,Mobile,South,174,25000,4350000,2024,2,28
2024-05-07,Tablet,South,186,18000,3348000,2024,5,7
2023-08-15,Tablet,East,97,18000,1746000,2023,8,15
2023-05-29,Tablet,South,72,18000,1296000,2023,5,29
2023-04-14,Tablet,East,165,18000,2970000,2023,4,14
2023-09-30,Tablet,West,37,18000,666000,2023,9,30
2024-07-03,Smart Watch,East,77,5000,385000,2024,7,3
2024-12-26,Mobile,North,52,25000,1300000,2024,12,26
2024-11-06,Mobile,North,61,25000,1525000,2024,11,6
2024-07-23,Laptop,North,197,60000,11820000,2024,7,23
2024-05-08,Tablet,South,108,18000,1944000,2024,5,8
2024-11-26,Tablet,West,138,18000,2484000,2024,11,26
2023-07-29,Laptop,East,123,60000,7380000,2023,7,29
2024-05-06,Tablet,North,120,18000,2160000,2024,5,6
2023-07-03,Headphones,East,128,3000,384000,2023,7,3
2024-10-15,Smart Watch,North,43,5000,215000,2024,10,15
2024-08-01,Mobile,West,127,25000,3175000,2024,8,1
2023-03-14,Mobile,West,113,25000,2825000,2023,3,14
2023-01-10,Tablet,East,161,18000,2898000,2023,1,10
2023-01-05,Tablet,South,36,18000,648000,2023,1,5
2024-04-08,Laptop,East,172,60000,10320000,2024,4,8
2024-04-04,Laptop,North,53,60000,3180000,2024,4,4
2023-10-09,Mobile,East,104,25000,2600000,2023,10,9
2024-03-09,Headphones,West,141,3000,423000,2024,3,9
2023-03-28,Laptop,South,98,60000,5880000,2023,3,28
2024-07-31,Tablet,South,158,18000,2844000,2024,7,31
2024-03-08,Headphones,South,199,3000,597000,2024,3,8
2024-04-25,Headphones,South,152,3000,456000,2024,4,25
2023-09-07,Headphones,East,55,3000,165000,2023,9,7
2023-01-25,Smart Watch,West,130,5000,650000,2023,1,25
2023-03-11,Laptop,East,121,60000,7260000,2023,3,11
2023-12-30,Headphones,East,27,3000,81000,2023,12,30
2024-10-22,Headphones,East,113,3000,339000,2024,10,22
2024-10-24,Tablet,West,147,18000,2646000,2024,10,24
2023-12-11,Headphones,North,70,3000,210000,2023,12,11
2023-07-11,Smart Watch,South,190,5000,950000,2023,7,11
2023-11-07,Smart Watch,West,196,5000,980000,2023,11,7
2023-08-25,Smart Watch,North,82,5000,410000,2023,8,25
2024-07-24,Mobile,North,113,25000,2825000,2024,7,24
2024-11-30,Tablet,South,20,18000,360000,2024,11,30
2023-04-18,Headphones,East,99,3000,297000,2023,4,18
2024-12-17,Tablet,West,198,18000,3564000,2024,12,17
2024-03-13,Headphones,South,103,3000,309000,2024,3,13
2024-04-01,Mobile,North,193,25000,4825000,2024,4,1
2024-05-09,Mobile,East,40,25000,1000000,2024,5,9
2024-07-17,Laptop,West,138,60000,8280000,2024,7,17
2024-03-14,Smart Watch,East,138,5000,690000,2024,3,14
2023-07-10,Mobile,South,179,25000,4475000,2023,7,10
2024-02-09,Laptop,South,175,60000,10500000,2024,2,9
2024-09-02,Smart Watch,West,17,5000,85000,2024,9,2
2024-12-02,Laptop,North,99,60000,5940000,2024,12,2
2024-10-14,Laptop,South,90,60000,5400000,2024,10,14
2024-05-10,Smart Watch,South,172,5000,860000,2024,5,10
2024-01-01,Smart Watch,East,63,5000,315000,2024,1,1
2024-05-23,Tablet,North,168,18000,3024000,2024,5,23
2023-09-02,Tablet,West,15,18000,270000,2023,9,2
2024-12-09,Mobile,North,160,25000,4000000,2024,12,9
2023-08-05,Mobile,South,56,25000,1400000,2023,8,5
2023-01-05,Mobile,West,143,25000,3575000,2023,1,5
2024-12-10,Tablet,West,155,18000,2790000,2024,12,10
2024-01-23,Laptop,North,23,60000,1380000,2024,1,23
2024-04-06,Smart Watch,East,137,5000,685000,2024,4,6
2024-07-09,Tablet,East,172,18000,3096000,2024,7,9
2023-12-03,Tablet,East,157,18000,2826000,2023,12,3
2024-09-03,Tablet,West,131,18000,2358000,2024,9,3
2024-03-07,Headphones,West,161,3000,483000,2024,3,7
2023-11-13,Smart Watch,North,80,5000,400000,2023,11,13
2023-12-29,Mobile,North,108,25000,2700000,2023,12,29
2023-06-13,Smart Watch,South,67,5000,335000,2023,6,13
2023-05-08,Smart Watch,West,77,5000,385000,2023,5,8
2023-07-06,Headphones,West,199,3000,597000,2023,7,6
2024-01-23,Smart Watch,South,37,5000,185000,2024,1,23
2023-08-25,Mobile,East,12,25000,300000,2023,8,25
2023-05-16,Tablet,East,54,18000,972000,2023,5,16
2024-08-05,Headphones,East,112,3000,336000,2024,8,5
2023-05-05,Laptop,West,39,60000,2340000,2023,5,5
2024-04-02,Mobile,South,126,25000,3150000,2024,4,2
2024-02-27,Headphones,South,180,3000,540000,2024,2,27
2024-01-17,Smart Watch,East,103,5000,515000,2024,1,17
2024-09-25,Smart Watch,South,117,5000,585000,2024,9,25
2023-01-04,Smart Watch,East,15,5000,75000,2023,1,4
2023-10-15,Mobile,South,24,25000,600000,2023,10,15
2024-02-28,Mobile,West,15,25000,375000,2024,2,28
2024-09-15,Tablet,East,76,18000,1368000,2024,9,15
2023-04-16,Tablet,East,154,18000,2772000,2023,4,16
2023-04-06,Headphones,East,90,3000,270000,2023,4,6
2024-02-20,Tablet,South,159,18000,2862000,2024,2,20
2024-05-29,Laptop,West,85,60000,5100000,2024,5,29
2024-08-21,Laptop,South,122,60000,7320000,2024,8,21
2023-09-08,Laptop,North,32,60000,1920000,2023,9,8
2024-12-14,Tablet,North,184,18000,3312000,2024,12,14
2023-03-10,Headphones,West,39,3000,117000,2023,3,10
2023-10-08,Headphones,South,121,3000,363000,2023,10,8
2024-05-09,Laptop,South,67,60000,4020000,2024,5,9
2024-08-28,Laptop,North,87,60000,5220000,2024,8,28
2023-12-21,Headphones,West,19,3000,57000,2023,12,21
2023-04-09,Tablet,East,94,18000,1692000,2023,4,9
2024-02-09,Smart Watch,East,135,5000,675000,2024,2,9
2024-07-29,Mobile,West,130,25000,3250000,2024,7,29
2023-02-23,Tablet,East,25,18000,450000,2023,2,23
2023-08-29,Tablet,South,196,18000,3528000,2023,8,29
2024-10-17,Laptop,West,184,60000,11040000,2024,10,17
2023-08-27,Mobile,West,197,25000,4925000,2023,8,27
2023-11-29,Headphones,East,139,3000,417000,2023,11,29
2024-04-18,Tablet,East,36,18000,648000,2024,4,18
2024-08-13,Headphones,West,150,3000,450000,2024,8,13
2024-07-08,Laptop,East,129,60000,7740000,2024,7,8
2024-06-03,Smart Watch,South,45,5000,225000,2024,6,3
2024-09-21,Smart Watch,East,85,5000,425000,2024,9,21
2024-09-04,Mobile,East,189,25000,4725000,2024,9,4
2023-05-04,Smart Watch,North,38,5000,190000,2023,5,4
2023-07-14,Headphones,East,183,3000,549000,2023,7,14
2024-03-11,Tablet,North,115,18000,2070000,2024,3,11
2023-01-21,Smart Watch,East,64,5000,320000,2023,1,21
2023-10-12,Headphones,North,79,3000,237000,2023,10,12
2023-06-13,Mobile,South,25,25000,625000,2023,6,13
2023-05-26,Smart Watch,South,109,5000,545000,2023,5,26
2023-01-30,Smart Watch,East,43,5000,215000,2023,1,30
2024-10-14,Tablet,South,127,18000,2286000,2024,10,14
2023-08-09,Headphones,South,189,3000,567000,2023,8,9
2024-01-02,Headphones,North,156,3000,468000,2024,1,2
2024-07-03,Headphones,East,88,3000,264000,2024,7,3
2024-03-16,Headphones,North,41,3000,123000,2024,3,16
2024-01-23,Mobile,South,14,25000,350000,2024,1,23
2024-09-29,Tablet,North,31,18000,558000,2024,9,29
2023-10-27,Mobile,North,51,25000,1275000,2023,10,27
2024-10-10,Mobile,East,144,25000,3600000,2024,10,10
2024-08-02,Tablet,South,168,18000,3024000,2024,8,2
2024-01-19,Tablet,North,94,18000,1692000,2024,1,19
2023-07-08,Tablet,East,190,18000,3420000,2023,7,8
2023-10-15,Mobile,East,125,25000,3125000,2023,10,15
2023-05-18,Mobile,South,69,25000,1725000,2023,5,18
2023-05-24,Smart Watch,East,116,5000,580000,2023,5,24
2023-03-29,Laptop,East,128,60000,7680000,2023,3,29
2023-12-07,Headphones,East,163,3000,489000,2023,12,7
2023-11-02,Headphones,East,101,3000,303000,2023,11,2
2023-11-17,Headphones,North,115,3000,345000,2023,11,17
2024-12-11,Mobile,South,33,25000,825000,2024,12,11
2023-04-18,Tablet,South,49,18000,882000,2023,4,18
2023-06-20,Tablet,North,21,18000,378000,2023,6,20
2023-07-14,Mobile,East,122,25000,3050000,2023,7,14
2023-07-01,Mobile,North,153,25000,3825000,2023,7,1
2023-11-12,Headphones,South,37,3000,111000,2023,11,12
2023-04-06,Smart Watch,South,197,5000,985000,2023,4,6
2023-10-25,Laptop,North,114,60000,6840000,2023,10,25
2024-01-09,Mobile,East,174,25000,4350000,2024,1,9
2023-09-03,Smart Watch,South,194,5000,970000,2023,9,3
2024-04-12,Mobile,East,36,25000,900000,2024,4,12
2024-07-06,Mobile,West,98,25000,2450000,2024,7,6
2023-11-18,Headphones,West,82,3000,246000,2023,11,18
2024-08-10,Mobile,North,19,25000,475000,2024,8,10
2024-05-19,Mobile,West,29,25000,725000,2024,5,19
2023-02-08,Headphones,South,74,3000,222000,2023,2,8
2024-03-10,Headphones,West,161,3000,483000,2024,3,10
2024-01-21,Laptop,South,38,60000,2280000,2024,1,21
2024-06-10,Headphones,North,165,3000,495000,2024,6,10
2023-12-06,Smart Watch,East,33,5000,165000,2023,12,6
2024-09-13,Smart Watch,South,151,5000,755000,2024,9,13
2024-11-04,Mobile,West,159,25000,3975000,2024,11,4
2024-03-29,Headphones,North,173,3000,519000,2024,3,29
2023-01-22,Smart Watch,West,193,5000,965000,2023,1,22
2024-12-29,Laptop,North,173,60000,10380000,2024,12,29
2023-05-28,Mobile,South,160,25000,4000000,2023,5,28
2024-04-24,Smart Watch,East,153,5000,765000,2024,4,24
2024-11-29,Smart Watch,West,158,5000,790000,2024,11,29
2023-04-14,Tablet,South,149,18000,2682000,2023,4,14
2023-12-03,Smart Watch,East,151,5000,755000,2023,12,3
2023-11-13,Headphones,North,178,3000,534000,2023,11,13
2023-11-06,Headphones,South,14,3000,42000,2023,11,6
2023-04-19,Tablet,West,96,18000,1728000,2023,4,19
2024-09-07,Tablet,South,88,18000,1584000,2024,9,7
2023-02-12,Laptop,North,40,60000,2400000,2023,2,12
2023-12-21,Laptop,West,92,60000,5520000,2023,12,21
2023-04-20,Smart Watch,East,44,5000,220000,2023,4,20
2024-10-06,Laptop,North,79,60000,4740000,2024,10,6
2024-05-25,Laptop,East,31,60000,1860000,2024,5,25
2024-05-22,Tablet,North,81,18000,1458000,2024,5,22
2023-09-04,Laptop,West,181,60000,10860000,2023,9,4
2024-08-30,Tablet,East,63,18000,1134000,2024,8,30
2023-12-10,Tablet,North,63,18000,1134000,2023,12,10
2024-12-30,Tablet,West,55,18000,990000,2024,12,30
2023-07-12,Mobile,North,120,25000,3000000,2023,7,12
2023-05-09,Laptop,South,166,60000,9960000,2023,5,9
2023-11-22,Smart Watch,West,188,5000,940000,2023,11,22
2024-11-03,Tablet,West,172,18000,3096000,2024,11,3
2024-12-09,Tablet,West,118,18000,2124000,2024,12,9
2023-10-03,Laptop,East,13,60000,780000,2023,10,3
2023-08-31,Tablet,South,182,18000,3276000,2023,8,31
2023-06-20,Smart Watch,North,197,5000,985000,2023,6,20
2024-03-16,Headphones,West,120,3000,360000,2024,3,16
2023-02-12,Tablet,West,51,18000,918000,2023,2,12
2024-09-18,Mobile,East,52,25000,1300000,2024,9,18
2023-03-18,Headphones,North,29,3000,87000,2023,3,18
2024-03-15,Tablet,West,48,18000,864000,2024,3,15
2024-03-10,Headphones,East,192,3000,576000,2024,3,10
2024-10-27,Mobile,East,20,25000,500000,2024,10,27
2024-09-01,Tablet,East,143,18000,2574000,2024,9,1
2024-01-04,Mobile,West,74,25000,1850000,2024,1,4
2023-08-20,Tablet,West,127,18000,2286000,2023,8,20
2024-01-11,Tablet,East,70,18000,1260000,2024,1,11
2023-11-20,Laptop,West,163,60000,9780000,2023,11,20
2024-10-13,Tablet,East,126,18000,2268000,2024,10,13
2024-02-25,Smart Watch,West,130,5000,650000,2024,2,25
2023-09-26,Laptop,North,127,60000,7620000,2023,9,26
2024-07-19,Laptop,West,127,60000,7620000,2024,7,19
2023-09-17,Tablet,West,58,18000,1044000,2023,9,17
2023-01-07,Mobile,East,101,25000,2525000,2023,1,7
2024-03-13,Laptop,East,182,60000,10920000,2024,3,13
2024-05-12,Headphones,East,120,3000,360000,2024,5,12
2023-11-09,Mobile,North,63,25000,1575000,2023,11,9
2024-06-24,Tablet,North,173,18000,3114000,2024,6,24
2023-11-30,Tablet,South,101,18000,1818000,2023,11,30
2023-09-30,Tablet,West,167,18000,3006000,2023,9,30
2024-05-14,Smart Watch,North,88,5000,440000,2024,5,14
2024-09-13,Laptop,East,111,60000,6660000,2024,9,13
2024-09-09,Tablet,East,190,18000,3420000,2024,9,9
2024-07-29,Headphones,South,175,3000,525000,2024,7,29
2023-11-16,Laptop,South,16,60000,960000,2023,11,16
2023-10-05,Laptop,South,178,60000,10680000,2023,10,5
2023-11-26,Mobile,North,144,25000,3600000,2023,11,26
2024-05-10,Smart Watch,South,61,5000,305000,2024,5,10
2024-11-03,Laptop,West,190,60000,11400000,2024,11,3
2023-07-07,Mobile,West,154,25000,3850000,2023,7,7
2024-10-05,Tablet,South,13,18000,234000,2024,10,5
2024-05-27,Mobile,North,198,25000,4950000,2024,5,27
2023-10-18,Smart Watch,West,45,5000,225000,2023,10,18
2024-09-26,Tablet,East,41,18000,738000,2024,9,26
2024-01-12,Mobile,West,166,25000,4150000,2024,1,12
2024-06-11,Tablet,East,196,18000,3528000,2024,6,11
2023-01-31,Headphones,North,26,3000,78000,2023,1,31
2024-07-04,Mobile,West,48,25000,1200000,2024,7,4
2024-05-03,Headphones,South,167,3000,501000,2024,5,3
2023-10-05,Tablet,South,117,18000,2106000,2023,10,5
2023-09-25,Headphones,South,99,3000,297000,2023,9,25
2024-11-23,Smart Watch,North,136,5000,680000,2024,11,23
2024-03-17,Mobile,East,99,25000,2475000,2024,3,17
2024-01-25,Headphones,West,161,3000,483000,2024,1,25
2024-08-20,Tablet,North,155,18000,2790000,2024,8,20
2024-08-29,Smart Watch,South,179,5000,895000,2024,8,29
2023-02-02,Mobile,North,21,25000,525000,2023,2,2
2024-09-21,Tablet,East,146,18000,2628000,2024,9,21
2023-09-03,Smart Watch,West,38,5000,190000,2023,9,3
2023-06-10,Tablet,South,126,18000,2268000,2023,6,10
2023-09-28,Mobile,West,126,25000,3150000,2023,9,28
2023-06-21,Mobile,East,144,25000,3600000,2023,6,21
2024-11-13,Mobile,West,175,25000,4375000,2024,11,13
2024-02-25,Mobile,North,117,25000,2925000,2024,2,25
2024-08-29,Mobile,East,77,25000,1925000,2024,8,29
2024-12-22,Headphones,North,107,3000,321000,2024,12,22
2024-08-27,Mobile,West,136,25000,3400000,2024,8,27
2023-05-14,Mobile,North,194,25000,4850000,2023,5,14
2023-03-26,Tablet,West,104,18000,1872000,2023,3,26
2024-11-09,Headphones,West,188,3000,564000,2024,11,9
2024-09-22,Laptop,North,195,60000,11700000,2024,9,22
2024-03-04,Smart Watch,East,51,5000,255000,2024,3,4
2023-02-22,Tablet,South,48,18000,864000,2023,2,22
2023-05-03,Tablet,East,19,18000,342000,2023,5,3
2023-12-14,Smart Watch,East,44,5000,220000,2023,12,14
2024-06-01,Headphones,East,47,3000,141000,2024,6,1
2024-08-11,Smart Watch,East,76,5000,380000,2024,8,11
2024-06-03,Mobile,West,184,25000,4600000,2024,6,3
2024-11-21,Smart Watch,East,54,5000,270000,2024,11,21
2023-05-16,Smart Watch,East,18,5000,90000,2023,5,16
2023-11-30,Smart Watch,North,80,5000,400000,2023,11,30
2023-01-15,Mobile,North,31,25000,775000,2023,1,15
2024-02-12,Laptop,North,181,60000,10860000,2024,2,12
2023-01-01,Mobile,East,119,25000,2975000,2023,1,1
2024-12-12,Laptop,North,59,60000,3540000,2024,12,12
2023-01-12,Laptop,North,197,60000,11820000,2023,1,12
2024-10-27,Laptop,West,130,60000,7800000,2024,10,27
2023-06-20,Smart Watch,East,34,5000,170000,2023,6,20
2024-06-13,Smart Watch,East,87,5000,435000,2024,6,13
2024-10-19,Tablet,West,72,18000,1296000,2024,10,19
2024-03-16,Headphones,East,65,3000,195000,2024,3,16
2023-06-04,Laptop,West,77,60000,4620000,2023,6,4
2023-09-06,Mobile,West,76,25000,1900000,2023,9,6
2024-06-01,Smart Watch,North,34,5000,170000,2024,6,1
2023-05-28,Mobile,East,91,25000,2275000,2023,5,28
2023-03-07,Mobile,East,54,25000,1350000,2023,3,7
2024-01-05,Headphones,East,123,3000,369000,2024,1,5
2023-04-21,Laptop,East,156,60000,9360000,2023,4,21
2023-02-04,Smart Watch,South,23,5000,115000,2023,2,4
2024-01-09,Smart Watch,West,60,5000,300000,2024,1,9
2024-12-26,Tablet,South,85,18000,1530000,2024,12,26
2024-03-14,Headphones,West,197,3000,591000,2024,3,14
2024-11-29,Laptop,East,37,60000,2220000,2024,11,29
2024-11-22,Smart Watch,South,186,5000,930000,2024,11,22
2023-02-06,Mobile,East,107,25000,2675000,2023,2,6
2023-05-07,Tablet,West,89,18000,1602000,2023,5,7
2023-10-21,Smart Watch,South,96,5000,480000,2023,10,21
2023-11-06,Headphones,West,172,3000,516000,2023,11,6
2024-03-19,Smart Watch,South,81,5000,405000,2024,3,19
2023-08-24,Smart Watch,South,94,5000,470000,2023,8,24
2024-05-03,Laptop,South,160,60000,9600000,2024,5,3
2024-09-18,Tablet,East,160,18000,2880000,2024,9,18
2023-12-18,Smart Watch,East,155,5000,775000,2023,12,18
2024-04-07,Laptop,North,66,60000,3960000,2024,4,7
2024-09-06,Tablet,North,181,18000,3258000,2024,9,6
2024-04-10,Tablet,East,177,18000,3186000,2024,4,10
2024-03-10,Mobile,East,59,25000,1475000,2024,3,10
2024-03-07,Headphones,East,143,3000,429000,2024,3,7
2023-12-13,Laptop,North,118,60000,7080000,2023,12,13
2024-06-16,Mobile,West,121,25000,3025000,2024,6,16
2024-08-11,Laptop,East,157,60000,9420000,2024,8,11
2023-04-11,Smart Watch,West,154,5000,770000,2023,4,11
2023-01-28,Laptop,South,34,60000,2040000,2023,1,28
2023-02-27,Mobile,North,143,25000,3575000,2023,2,27
2023-11-27,Laptop,North,47,60000,2820000,2023,11,27
2023-03-16,Mobile,West,12,25000,300000,2023,3,16
2024-05-17,Smart Watch,East,161,5000,805000,2024,5,17
2024-06-14,Mobile,West,125,25000,3125000,2024,6,14
2023-12-10,Smart Watch,East,199,5000,995000,2023,12,10
2023-01-01,Headphones,North,182,3000,546000,2023,1,1
2024-05-22,Tablet,South,98,18000,1764000,2024,5,22
2023-08-09,Tablet,East,34,18000,612000,2023,8,9
2024-06-11,Tablet,North,138,18000,2484000,2024,6,11
2023-02-11,Tablet,North,171,18000,3078000,2023,2,11
2024-03-14,Mobile,South,98,25000,2450000,2024,3,14
2023-02-14,Smart Watch,South,79,5000,395000,2023,2,14
2023-02-17,Tablet,East,40,18000,720000,2023,2,17
2023-01-10,Laptop,West,27,60000,1620000,2023,1,10
2024-08-22,Headphones,North,82,3000,246000,2024,8,22
2024-04-23,Headphones,East,177,3000,531000,2024,4,23
2024-06-04,Smart Watch,North,163,5000,815000,2024,6,4
2024-01-23,Laptop,West,152,60000,9120000,2024,1,23
2024-09-02,Laptop,West,78,60000,4680000,2024,9,2
2023-09-04,Smart Watch,West,88,5000,440000,2023,9,4
2024-10-19,Mobile,North,22,25000,550000,2024,10,19
2024-09-12,Mobile,North,104,25000,2600000,2024,9,12
2024-09-08,Tablet,West,119,18000,2142000,2024,9,8
2024-06-04,Smart Watch,East,108,5000,540000,2024,6,4
2024-04-29,Smart Watch,South,150,5000,750000,2024,4,29
2023-06-13,Smart Watch,West,46,5000,230000,2023,6,13
2023-03-15,Headphones,West,82,3000,246000,2023,3,15
2023-11-04,Mobile,South,65,25000,1625000,2023,11,4
2024-07-25,Smart Watch,East,166,5000,830000,2024,7,25
2023-07-25,Mobile,East,98,25000,2450000,2023,7,25
2024-03-09,Headphones,West,192,3000,576000,2024,3,9
2023-07-28,Smart Watch,South,162,5000,810000,2023,7,28
2023-01-13,Mobile,East,115,25000,2875000,2023,1,13
2024-01-10,Tablet,South,108,18000,1944000,2024,1,10
2024-08-16,Tablet,South,93,18000,1674000,2024,8,16
2023-07-11,Smart Watch,East,68,5000,340000,2023,7,11
2024-04-11,Laptop,West,24,60000,1440000,2024,4,11
2023-08-05,Headphones,East,44,3000,132000,2023,8,5
2023-07-02,Laptop,East,111,60000,6660000,2023,7,2
2024-09-03,Tablet,North,153,18000,2754000,2024,9,3
2023-04-21,Tablet,West,89,18000,1602000,2023,4,21
2024-05-14,Tablet,South,26,18000,468000,2024,5,14
2024-12-03,Smart Watch,North,16,5000,80000,2024,12,3
2023-06-04,Mobile,South,45,25000,1125000,2023,6,4
2024-06-01,Mobile,East,143,25000,3575000,2024,6,1
2023-10-12,Laptop,East,90,60000,5400000,2023,10,12
2024-11-16,Tablet,South,136,18000,2448000,2024,11,16
2023-04-25,Mobile,West,140,25000,3500000,2023,4,25
2023-03-16,Smart Watch,South,188,5000,940000,2023,3,16
2024-08-24,Smart Watch,South,193,5000,965000,2024,8,24
2023-08-10,Tablet,West,188,18000,3384000,2023,8,10
2023-04-22,Tablet,East,146,18000,2628000,2023,4,22
2024-09-12,Laptop,North,65,60000,3900000,2024,9,12
2024-12-08,Tablet,East,140,18000,2520000,2024,12,8
2023-08-25,Tablet,North,181,18000,3258000,2023,8,25
2023-03-28,Laptop,East,84,60000,5040000,2023,3,28
2023-10-25,Smart Watch,North,187,5000,935000,2023,10,25
2024-07-28,Headphones,North,196,3000,588000,2024,7,28
2024-01-18,Laptop,East,185,60000,11100000,2024,1,18
2024-01-24,Tablet,West,184,18000,3312000,2024,1,24
2024-03-21,Tablet,West,23,18000,414000,2024,3,21
2024-03-22,Smart Watch,North,168,5000,840000,2024,3,22
2023-04-05,Laptop,West,33,60000,1980000,2023,4,5
2024-09-19,Mobile,South,88,25000,2200000,2024,9,19
2023-03-20,Tablet,East,59,18000,1062000,2023,3,20
2023-09-04,Tablet,South,56,18000,1008000,2023,9,4
2023-12-27,Mobile,West,105,25000,2625000,2023,12,27
2024-12-01,Headphones,North,22,3000,66000,2024,12,1
2023-01-01,Mobile,South,88,25000,2200000,2023,1,1
2023-08-24,Laptop,North,107,60000,6420000,2023,8,24
2023-03-23,Smart Watch,East,168,5000,840000,2023,3,23
2024-12-04,Smart Watch,North,47,5000,235000,2024,12,4
2023-01-14,Tablet,South,139,18000,2502000,2023,1,14
2023-07-28,Smart Watch,South,98,5000,490000,2023,7,28
2024-07-21,Smart Watch,West,94,5000,470000,2024,7,21
2024-03-20,Smart Watch,South,44,5000,220000,2024,3,20
2024-04-29,Mobile,South,137,25000,3425000,2024,4,29
2024-09-16,Tablet,North,89,18000,1602000,2024,9,16
2024-03-17,Mobile,West,94,25000,2350000,2024,3,17
2024-04-26,Laptop,East,78,60000,4680000,2024,4,26
2023-03-10,Headphones,West,25,3000,75000,2023,3,10
2024-09-08,Smart Watch,West,179,5000,895000,2024,9,8
2024-11-27,Mobile,North,116,25000,2900000,2024,11,27
2024-09-03,Mobile,East,166,25000,4150000,2024,9,3
2024-02-26,Tablet,South,106,18000,1908000,2024,2,26
2024-06-13,Laptop,East,106,60000,6360000,2024,6,13
2024-05-27,Headphones,West,134,3000,402000,2024,5,27
2023-03-23,Tablet,East,68,18000,1224000,2023,3,23
2024-06-27,Laptop,West,115,60000,6900000,2024,6,27
2023-04-15,Headphones,West,79,3000,237000,2023,4,15
2023-11-14,Mobile,East,123,25000,3075000,2023,11,14
2024-04-16,Laptop,North,193,60000,11580000,2024,4,16
2023-01-18,Smart Watch,North,180,5000,900000,2023,1,18
2023-10-22,Smart Watch,South,88,5000,440000,2023,10,22
2024-10-19,Tablet,South,107,18000,1926000,2024,10,19
2024-12-08,Tablet,East,155,18000,2790000,2024,12,8
2024-09-09,Mobile,North,77,25000,1925000,2024,9,9
2024-05-08,Laptop,West,123,60000,7380000,2024,5,8
2023-12-29,Smart Watch,North,87,5000,435000,2023,12,29
2024-06-04,Tablet,East,85,18000,1530000,2024,6,4
2023-10-25,Tablet,West,188,18000,3384000,2023,10,25
2023-07-17,Headphones,West,164,3000,492000,2023,7,17
2023-03-06,Laptop,North,33,60000,1980000,2023,3,6
2024-01-19,Tablet,South,72,18000,1296000,2024,1,19
2024-11-27,Headphones,East,71,3000,213000,2024,11,27
2023-10-13,Smart Watch,South,135,5000,675000,2023,10,13
2024-02-17,Tablet,North,51,18000,918000,2024,2,17
2024-09-01,Laptop,East,167,60000,10020000,2024,9,1
2023-04-22,Mobile,East,131,25000,3275000,2023,4,22
2023-09-30,Laptop,East,119,60000,7140000,2023,9,30
2024-03-15,Tablet,West,128,18000,2304000,2024,3,15
2024-07-22,Headphones,South,44,3000,132000,2024,7,22
2023-04-24,Smart Watch,North,61,5000,305000,2023,4,24
2024-04-21,Smart Watch,North,188,5000,940000,2024,4,21
2023-08-07,Smart Watch,North,25,5000,125000,2023,8,7
2024-05-06,Tablet,North,63,18000,1134000,2024,5,6
2024-11-10,Mobile,West,74,25000,1850000,2024,11,10
2024-09-03,Mobile,West,180,25000,4500000,2024,9,3
2023-09-30,Laptop,East,32,60000,1920000,2023,9,30
2024-01-26,Headphones,North,80,3000,240000,2024,1,26
2023-04-18,Mobile,South,87,25000,2175000,2023,4,18
2023-01-16,Tablet,South,19,18000,342000,2023,1,16
2024-03-09,Smart Watch,North,149,5000,745000,2024,3,9
2023-05-30,Laptop,West,138,60000,8280000,2023,5,30
2024-03-13,Smart Watch,South,155,5000,775000,2024,3,13
2023-02-14,Laptop,East,32,60000,1920000,2023,2,14
2024-02-14,Smart Watch,East,88,5000,440000,2024,2,14
2023-02-13,Tablet,South,106,18000,1908000,2023,2,13
2024-07-01,Smart Watch,East,194,5000,970000,2024,7,1
2023-03-10,Smart Watch,South,64,5000,320000,2023,3,10
2024-08-31,Smart Watch,South,44,5000,220000,2024,8,31
2023-03-20,Tablet,East,166,18000,2988000,2023,3,20
2024-06-29,Laptop,North,178,60000,10680000,2024,6,29
2024-10-24,Tablet,South,41,18000,738000,2024,10,24
2023-10-14,Mobile,East,144,25000,3600000,2023,10,14
2024-09-08,Laptop,North,23,60000,1380000,2024,9,8
2023-06-29,Mobile,East,99,25000,2475000,2023,6,29
2023-08-14,Headphones,North,135,3000,405000,2023,8,14
2023-07-28,Laptop,South,124,60000,7440000,2023,7,28
2023-07-10,Mobile,East,65,25000,1625000,2023,7,10
2024-12-20,Laptop,West,24,60000,1440000,2024,12,20
2024-07-27,Tablet,West,73,18000,1314000,2024,7,27
2024-05-08,Tablet,South,195,18000,3510000,2024,5,8
2023-05-10,Headphones,South,22,3000,66000,2023,5,10
2023-09-28,Laptop,East,197,60000,11820000,2023,9,28
2024-05-26,Mobile,North,83,25000,2075000,2024,5,26
2024-06-20,Smart Watch,West,180,5000,900000,2024,6,20
2023-04-27,Laptop,North,97,60000,5820000,2023,4,27
2024-02-28,Laptop,North,66,60000,3960000,2024,2,28
2023-05-10,Laptop,West,71,60000,4260000,2023,5,10
2024-10-10,Headphones,North,26,3000,78000,2024,10,10
2023-04-27,Mobile,West,103,25000,2575000,2023,4,27
2023-06-17,Mobile,East,94,25000,2350000,2023,6,17
2024-10-22,Mobile,East,166,25000,4150000,2024,10,22
2023-06-01,Mobile,North,154,25000,3850000,2023,6,1
2023-10-01,Mobile,West,110,25000,2750000,2023,10,1
2024-07-10,Mobile,North,82,25000,2050000,2024,7,10
2023-01-14,Laptop,North,141,60000,8460000,2023,1,14
2023-12-04,Tablet,West,129,18000,2322000,2023,12,4
2024-07-12,Tablet,West,18,18000,324000,2024,7,12
2023-07-24,Tablet,East,28,18000,504000,2023,7,24
2024-06-21,Laptop,South,163,60000,9780000,2024,6,21
2024-11-16,Headphones,North,91,3000,273000,2024,11,16
2024-04-24,Smart Watch,East,51,5000,255000,2024,4,24
2023-09-30,Headphones,North,85,3000,255000,2023,9,30
2023-06-26,Tablet,East,58,18000,1044000,2023,6,26
2024-07-20,Mobile,East,61,25000,1525000,2024,7,20
2024-09-21,Headphones,West,161,3000,483000,2024,9,21
2023-07-08,Laptop,North,34,60000,2040000,2023,7,8
2023-09-23,Mobile,West,166,25000,4150000,2023,9,23
2024-05-01,Headphones,South,153,3000,459000,2024,5,1
2023-05-28,Laptop,South,52,60000,3120000,2023,5,28
2024-10-27,Mobile,South,170,25000,4250000,2024,10,27
2024-06-21,Laptop,North,72,60000,4320000,2024,6,21
2024-03-11,Headphones,North,163,3000,489000,2024,3,11
2024-04-03,Mobile,South,117,25000,2925000,2024,4,3
2023-10-13,Laptop,West,53,60000,3180000,2023,10,13
2024-08-12,Mobile,West,35,25000,875000,2024,8,12
2024-10-22,Headphones,West,177,3000,531000,2024,10,22
2024-07-31,Mobile,North,96,25000,2400000,2024,7,31
2023-03-20,Smart Watch,East,90,5000,450000,2023,3,20
2023-09-11,Headphones,South,93,3000,279000,2023,9,11
2023-10-03,Tablet,South,140,18000,2520000,2023,10,3
2023-07-02,Headphones,West,75,3000,225000,2023,7,2
2024-05-26,Headphones,South,25,3000,75000,2024,5,26
2023-12-05,Mobile,West,143,25000,3575000,2023,12,5
2023-07-11,Headphones,South,27,3000,81000,2023,7,11
2024-06-07,Headphones,East,126,3000,378000,2024,6,7
2023-02-20,Tablet,South,93,18000,1674000,2023,2,20
2023-06-04,Smart Watch,East,110,5000,550000,2023,6,4
2024-10-08,Tablet,North,20,18000,360000,2024,10,8
2023-05-23,Tablet,South,78,18000,1404000,2023,5,23
2024-06-18,Smart Watch,North,18,5000,90000,2024,6,18
2023-09-28,Tablet,North,26,18000,468000,2023,9,28
2023-06-03,Smart Watch,West,158,5000,790000,2023,6,3
2023-09-24,Mobile,West,134,25000,3350000,2023,9,24
2024-06-30,Mobile,West,47,25000,1175000,2024,6,30
2023-12-30,Mobile,North,19,25000,475000,2023,12,30
2024-09-25,Laptop,North,199,60000,11940000,2024,9,25
2024-05-30,Mobile,North,107,25000,2675000,2024,5,30
2023-04-16,Smart Watch,South,130,5000,650000,2023,4,16
2023-05-12,Mobile,North,28,25000,700000,2023,5,12
2024-10-03,Headphones,North,83,3000,249000,2024,10,3
2024-01-27,Smart Watch,East,20,5000,100000,2024,1,27
2024-03-22,Laptop,East,149,60000,8940000,2024,3,22
2023-01-02,Mobile,East,133,25000,3325000,2023,1,2
2023-11-05,Headphones,South,121,3000,363000,2023,11,5
2023-01-08,Headphones,North,115,3000,345000,2023,1,8
2024-04-04,Smart Watch,South,191,5000,955000,2024,4,4
2024-10-22,Headphones,South,176,3000,528000,2024,10,22
2023-01-20,Laptop,North,163,60000,9780000,2023,1,20
2024-02-26,Smart Watch,West,95,5000,475000,2024,2,26
2024-07-09,Mobile,East,199,25000,4975000,2024,7,9
2024-01-13,Laptop,East,47,60000,2820000,2024,1,13
2024-07-16,Mobile,West,158,25000,3950000,2024,7,16
2023-09-05,Smart Watch,North,135,5000,675000,2023,9,5
2023-02-08,Laptop,East,27,60000,1620000,2023,2,8
2023-12-18,Headphones,West,51,3000,153000,2023,12,18
2023-10-10,Mobile,South,189,25000,4725000,2023,10,10
2024-06-27,Mobile,South,34,25000,850000,2024,6,27
2023-02-26,Headphones,West,135,3000,405000,2023,2,26
2023-12-09,Smart Watch,East,73,5000,365000,2023,12,9
2024-03-30,Laptop,North,11,60000,660000,2024,3,30
2024-06-13,Laptop,North,93,60000,5580000,2024,6,13
2024-03-10,Mobile,North,155,25000,3875000,2024,3,10
2024-09-13,Smart Watch,South,181,5000,905000,2024,9,13
2023-11-05,Mobile,East,189,25000,4725000,2023,11,5
2023-06-26,Tablet,South,195,18000,3510000,2023,6,26
2023-08-06,Headphones,North,184,3000,552000,2023,8,6
2024-06-08,Laptop,West,51,60000,3060000,2024,6,8
2023-07-29,Smart Watch,South,28,5000,140000,2023,7,29
2023-10-06,Tablet,South,74,18000,1332000,2023,10,6
2023-05-20,Mobile,North,145,25000,3625000,2023,5,20
2024-06-13,Laptop,West,14,60000,840000,2024,6,13
2024-02-14,Smart Watch,East,38,5000,190000,2024,2,14
2023-09-16,Mobile,West,132,25000,3300000,2023,9,16
2024-11-28,Mobile,East,85,25000,2125000,2024,11,28
2023-04-18,Headphones,South,86,3000,258000,2023,4,18
2024-04-29,Headphones,South,136,3000,408000,2024,4,29
2023-10-09,Mobile,West,25,25000,625000,2023,10,9
2023-05-31,Headphones,North,41,3000,123000,2023,5,31
2024-02-01,Smart Watch,East,83,5000,415000,2024,2,1
2023-06-18,Smart Watch,South,187,5000,935000,2023,6,18
2024-10-16,Mobile,West,136,25000,3400000,2024,10,16
2023-02-09,Headphones,West,108,3000,324000,2023,2,9
2023-09-12,Headphones,North,74,3000,222000,2023,9,12
2023-01-11,Headphones,South,198,3000,594000,2023,1,11
2024-02-25,Smart Watch,North,177,5000,885000,2024,2,25
2024-04-05,Tablet,West,198,18000,3564000,2024,4,5
2023-09-12,Headphones,West,89,3000,267000,2023,9,12
2024-11-01,Smart Watch,South,162,5000,810000,2024,11,1
2023-10-27,Headphones,South,110,3000,330000,2023,10,27
2023-09-13,Laptop,West,18,60000,1080000,2023,9,13
2024-06-07,Smart Watch,South,191,5000,955000,2024,6,7
2023-10-11,Tablet,North,119,18000,2142000,2023,10,11
2023-08-14,Smart Watch,East,115,5000,575000,2023,8,14
2023-12-31,Mobile,South,84,25000,2100000,2023,12,31
2023-02-11,Headphones,North,42,3000,126000,2023,2,11
2023-03-12,Laptop,West,110,60000,6600000,2023,3,12
2023-11-03,Mobile,East,130,25000,3250000,2023,11,3
2024-10-16,Smart Watch,North,92,5000,460000,2024,10,16
2023-07-01,Tablet,South,149,18000,2682000,2023,7,1
2023-01-04,Mobile,West,45,25000,1125000,2023,1,4
2023-10-08,Headphones,South,173,3000,519000,2023,10,8
2023-04-11,Tablet,North,70,18000,1260000,2023,4,11
2023-11-05,Mobile,East,172,25000,4300000,2023,11,5
2024-05-24,Laptop,East,114,60000,6840000,2024,5,24
2024-02-29,Smart Watch,South,37,5000,185000,2024,2,29
2024-11-12,Headphones,West,78,3000,234000,2024,11,12
2024-05-27,Mobile,North,121,25000,3025000,2024,5,27
2023-09-08,Tablet,West,172,18000,3096000,2023,9,8
2024-11-16,Mobile,South,176,25000,4400000,2024,11,16
2023-03-31,Laptop,South,47,60000,2820000,2023,3,31
2023-05-30,Headphones,North,68,3000,204000,2023,5,30
2023-07-18,Mobile,North,135,25000,3375000,2023,7,18
2023-08-27,Tablet,East,107,18000,1926000,2023,8,27
2024-12-28,Laptop,West,89,60000,5340000,2024,12,28
2024-11-27,Smart Watch,East,36,5000,180000,2024,11,27
2024-03-27,Headphones,South,173,3000,519000,2024,3,27
2024-12-07,Laptop,South,123,60000,7380000,2024,12,7
2024-05-17,Headphones,North,85,3000,255000,2024,5,17
2023-11-07,Smart Watch,West,104,5000,520000,2023,11,7
2023-02-13,Mobile,East,190,25000,4750000,2023,2,13
2023-03-25,Headphones,West,174,3000,522000,2023,3,25
2023-05-25,Mobile,North,86,25000,2150000,2023,5,25
2024-02-07,Smart Watch,South,71,5000,355000,2024,2,7
2024-02-24,Headphones,West,61,3000,183000,2024,2,24
2023-01-19,Smart Watch,West,16,5000,80000,2023,1,19
2024-03-03,Smart Watch,West,43,5000,215000,2024,3,3
2024-12-06,Smart Watch,East,19,5000,95000,2024,12,6
2023-02-11,Laptop,North,131,60000,7860000,2023,2,11
2024-01-29,Mobile,South,197,25000,4925000,2024,1,29
2023-05-08,Tablet,North,145,18000,2610000,2023,5,8
2023-07-12,Headphones,North,87,3000,261000,2023,7,12
2023-03-26,Smart Watch,North,18,5000,90000,2023,3,26
2023-05-25,Smart Watch,South,194,5000,970000,2023,5,25
2024-07-27,Headphones,North,49,3000,147000,2024,7,27
2024-11-08,Tablet,East,156,18000,2808000,2024,11,8
2024-04-28,Mobile,North,150,25000,3750000,2024,4,28
2024-08-31,Smart Watch,East,186,5000,930000,2024,8,31
2024-01-13,Headphones,South,104,3000,312000,2024,1,13
2023-09-19,Laptop,North,80,60000,4800000,2023,9,19
2023-08-07,Smart Watch,West,136,5000,680000,2023,8,7
2023-03-21,Headphones,West,191,3000,573000,2023,3,21
2023-01-25,Headphones,North,129,3000,387000,2023,1,25
2024-06-13,Laptop,North,28,60000,1680000,2024,6,13
2024-01-19,Laptop,North,140,60000,8400000,2024,1,19
2024-03-01,Smart Watch,East,49,5000,245000,2024,3,1
2023-11-19,Laptop,East,64,60000,3840000,2023,11,19
2024-03-11,Headphones,North,107,3000,321000,2024,3,11
2023-07-03,Tablet,North,96,18000,1728000,2023,7,3
2023-07-20,Laptop,North,75,60000,4500000,2023,7,20
2023-10-02,Tablet,West,144,18000,2592000,2023,10,2
2023-04-28,Mobile,South,68,25000,1700000,2023,4,28
2023-11-25,Laptop,East,184,60000,11040000,2023,11,25
2023-09-15,Headphones,East,26,3000,78000,2023,9,15
2024-02-27,Mobile,North,90,25000,2250000,2024,2,27
2024-07-04,Headphones,West,182,3000,546000,2024,7,4
2024-01-23,Laptop,North,167,60000,10020000,2024,1,23
2023-07-23,Headphones,West,38,3000,114000,2023,7,23
2023-07-15,Tablet,West,23,18000,414000,2023,7,15
2023-05-26,Mobile,North,21,25000,525000,2023,5,26
2023-07-29,Laptop,South,97,60000,5820000,2023,7,29
2024-12-15,Tablet,East,138,18000,2484000,2024,12,15
2023-12-01,Headphones,North,24,3000,72000,2023,12,1
2024-11-30,Smart Watch,East,36,5000,180000,2024,11,30
2023-07-30,Smart Watch,West,157,5000,785000,2023,7,30
2023-11-17,Smart Watch,North,118,5000,590000,2023,11,17
2024-10-02,Mobile,East,132,25000,3300000,2024,10,2
2023-04-06,Headphones,South,155,3000,465000,2023,4,6
2023-01-27,Headphones,South,176,3000,528000,2023,1,27
2023-03-23,Headphones,West,63,3000,189000,2023,3,23
2024-04-23,Mobile,East,173,25000,4325000,2024,4,23
2024-02-06,Headphones,South,196,3000,588000,2024,2,6
2024-05-25,Laptop,East,188,60000,11280000,2024,5,25
2024-06-30,Mobile,North,151,25000,3775000,2024,6,30
2023-06-07,Headphones,East,162,3000,486000,2023,6,7
2024-02-16,Headphones,South,159,3000,477000,2024,2,16
2023-06-08,Headphones,North,175,3000,525000,2023,6,8
2023-11-07,Headphones,East,97,3000,291000,2023,11,7
2023-08-05,Laptop,East,194,60000,11640000,2023,8,5
2023-12-17,Headphones,South,142,3000,426000,2023,12,17
2024-09-11,Mobile,South,111,25000,2775000,2024,9,11
2024-01-15,Headphones,East,155,3000,465000,2024,1,15
2024-03-25,Mobile,East,117,25000,2925000,2024,3,25
2023-05-02,Laptop,West,80,60000,4800000,2023,5,2
2023-11-14,Laptop,East,128,60000,7680000,2023,11,14
2024-11-04,Mobile,South,54,25000,1350000,2024,11,4
2023-11-10,Tablet,South,171,18000,3078000,2023,11,10
2024-07-09,Mobile,North,169,25000,4225000,2024,7,9
2024-05-29,Mobile,East,76,25000,1900000,2024,5,29
2024-05-23,Headphones,North,185,3000,555000,2024,5,23
2024-10-18,Smart Watch,West,75,5000,375000,2024,10,18
2023-01-04,Mobile,East,97,25000,2425000,2023,1,4
2024-06-12,Headphones,South,78,3000,234000,2024,6,12
2024-12-17,Tablet,North,33,18000,594000,2024,12,17
2024-04-30,Headphones,West,196,3000,588000,2024,4,30
2024-04-27,Tablet,West,110,18000,1980000,2024,4,27
2023-06-17,Tablet,East,65,18000,1170000,2023,6,17
2024-09-11,Laptop,West,77,60000,4620000,2024,9,11
2023-05-21,Tablet,South,26,18000,468000,2023,5,21
2024-02-24,Laptop,East,90,60000,5400000,2024,2,24
2024-08-11,Headphones,South,61,3000,183000,2024,8,11
2023-12-14,Tablet,East,31,18000,558000,2023,12,14
2024-01-02,Tablet,East,76,18000,1368000,2024,1,2
2023-08-15,Headphones,South,149,3000,447000,2023,8,15
2024-12-28,Smart Watch,West,112,5000,560000,2024,12,28
2024-07-04,Smart Watch,North,66,5000,330000,2024,7,4
2024-11-23,Smart Watch,West,22,5000,110000,2024,11,23
2023-04-30,Mobile,North,66,25000,1650000,2023,4,30
2023-02-09,Smart Watch,East,12,5000,60000,2023,2,9
2024-05-31,Mobile,East,135,25000,3375000,2024,5,31
2023-04-27,Mobile,South,125,25000,3125000,2023,4,27
2023-06-11,Tablet,West,40,18000,720000,2023,6,11
2024-08-09,Smart Watch,East,75,5000,375000,2024,8,9
2023-03-11,Laptop,East,169,60000,10140000,2023,3,11
2024-06-15,Laptop,South,187,60000,11220000,2024,6,15
2024-04-08,Laptop,West,48,60000,2880000,2024,4,8
2024-10-18,Smart Watch,East,79,5000,395000,2024,10,18
2023-04-01,Mobile,West,93,25000,2325000,2023,4,1
2024-08-23,Headphones,North,102,3000,306000,2024,8,23
2024-08-06,Smart Watch,North,61,5000,305000,2024,8,6
2023-10-16,Mobile,East,142,25000,3550000,2023,10,16
2023-06-15,Smart Watch,North,73,5000,365000,2023,6,15
2024-10-11,Mobile,East,185,25000,4625000,2024,10,11
2023-10-27,Mobile,East,25,25000,625000,2023,10,27
2023-12-24,Tablet,South,165,18000,2970000,2023,12,24
2024-05-28,Smart Watch,North,68,5000,340000,2024,5,28
2024-01-10,Headphones,North,54,3000,162000,2024,1,10
2024-10-21,Smart Watch,East,103,5000,515000,2024,10,21
2023-11-10,Smart Watch,East,163,5000,815000,2023,11,10
2023-05-08,Mobile,East,62,25000,1550000,2023,5,8
2023-07-06,Smart Watch,East,62,5000,310000,2023,7,6
2023-08-12,Mobile,West,104,25000,2600000,2023,8,12
2023-05-27,Laptop,West,102,60000,6120000,2023,5,27
2023-07-01,Smart Watch,South,188,5000,940000,2023,7,1
2023-02-08,Headphones,South,12,3000,36000,2023,2,8
2023-03-05,Smart Watch,West,20,5000,100000,2023,3,5
2023-04-07,Mobile,East,164,25000,4100000,2023,4,7
2023-01-21,Mobile,East,173,25000,4325000,2023,1,21
2023-04-21,Mobile,East,108,25000,2700000,2023,4,21
2023-10-18,Headphones,East,138,3000,414000,2023,10,18
2023-10-08,Tablet,South,93,18000,1674000,2023,10,8
2024-12-03,Tablet,South,135,18000,2430000,2024,12,3
2024-05-06,Smart Watch,West,78,5000,390000,2024,5,6
2023-09-15,Mobile,West,198,25000,4950000,2023,9,15
2024-02-19,Mobile,South,85,25000,2125000,2024,2,19
2024-11-06,Smart Watch,North,79,5000,395000,2024,11,6
2024-11-19,Tablet,South,142,18000,2556000,2024,11,19
2023-08-06,Smart Watch,North,99,5000,495000,2023,8,6
2023-08-18,Headphones,South,81,3000,243000,2023,8,18
2023-09-18,Tablet,West,10,18000,180000,2023,9,18
2024-10-17,Smart Watch,East,189,5000,945000,2024,10,17
2023-02-16,Smart Watch,West,64,5000,320000,2023,2,16
2023-05-29,Mobile,South,164,25000,4100000,2023,5,29
2024-11-08,Mobile,South,71,25000,1775000,2024,11,8
2023-12-24,Laptop,East,17,60000,1020000,2023,12,24
2024-08-31,Smart Watch,East,73,5000,365000,2024,8,31
2024-04-30,Smart Watch,West,124,5000,620000,2024,4,30
2024-03-23,Headphones,West,67,3000,201000,2024,3,23
2023-10-29,Mobile,North,102,25000,2550000,2023,10,29
2023-09-28,Mobile,South,38,25000,950000,2023,9,28
2024-05-16,Headphones,West,118,3000,354000,2024,5,16
2024-07-02,Laptop,West,102,60000,6120000,2024,7,2
2024-09-05,Headphones,West,175,3000,525000,2024,9,5
2023-06-08,Smart Watch,North,82,5000,410000,2023,6,8
2023-09-06,Tablet,West,99,18000,1782000,2023,9,6
2024-06-24,Tablet,North,180,18000,3240000,2024,6,24
2023-08-08,Smart Watch,North,51,5000,255000,2023,8,8
2024-10-08,Mobile,West,114,25000,2850000,2024,10,8
2023-10-10,Mobile,South,75,25000,1875000,2023,10,10
2024-06-20,Laptop,North,164,60000,9840000,2024,6,20
2023-05-09,Mobile,South,189,25000,4725000,2023,5,9
2024-10-26,Smart Watch,East,15,5000,75000,2024,10,26
2024-09-28,Mobile,South,62,25000,1550000,2024,9,28
2024-07-31,Mobile,South,91,25000,2275000,2024,7,31
2024-08-21,Mobile,West,159,25000,3975000,2024,8,21
2024-02-08,Headphones,North,138,3000,414000,2024,2,8
2023-04-27,Headphones,North,114,3000,342000,2023,4,27
2024-05-09,Tablet,South,64,18000,1152000,2024,5,9
2023-11-27,Headphones,North,163,3000,489000,2023,11,27
2024-03-24,Mobile,East,33,25000,825000,2024,3,24
2024-06-23,Headphones,West,25,3000,75000,2024,6,23
2024-07-24,Laptop,East,191,60000,11460000,2024,7,24
2023-07-26,Laptop,South,20,60000,1200000,2023,7,26
2024-12-05,Mobile,East,77,25000,1925000,2024,12,5
2023-10-26,Smart Watch,East,150,5000,750000,2023,10,26
2024-01-29,Tablet,South,112,18000,2016000,2024,1,29
2023-10-24,Mobile,South,68,25000,1700000,2023,10,24
2023-02-08,Tablet,West,16,18000,288000,2023,2,8
2023-02-18,Mobile,North,110,25000,2750000,2023,2,18
2023-06-25,Mobile,North,136,25000,3400000,2023,6,25
2024-03-30,Headphones,West,126,3000,378000,2024,3,30
2024-11-06,Headphones,North,10,3000,30000,2024,11,6
2023-07-07,Tablet,West,39,18000,702000,2023,7,7
2023-11-06,Headphones,North,192,3000,576000,2023,11,6
2024-12-29,Mobile,East,74,25000,1850000,2024,12,29
2023-11-21,Tablet,South,116,18000,2088000,2023,11,21
2023-04-19,Headphones,North,190,3000,570000,2023,4,19
2023-12-22,Headphones,West,45,3000,135000,2023,12,22
2024-11-22,Smart Watch,South,187,5000,935000,2024,11,22
2024-04-08,Laptop,South,31,60000,1860000,2024,4,8
2023-03-07,Smart Watch,West,137,5000,685000,2023,3,7
2024-09-06,Smart Watch,South,99,5000,495000,2024,9,6
2024-08-19,Laptop,West,197,60000,11820000,2024,8,19
2024-11-01,Tablet,North,58,18000,1044000,2024,11,1
2023-04-11,Mobile,West,185,25000,4625000,2023,4,11
2023-08-26,Tablet,North,108,18000,1944000,2023,8,26
2024-05-09,Tablet,West,11,18000,198000,2024,5,9
2023-10-24,Tablet,East,91,18000,1638000,2023,10,24
2024-10-17,Headphones,West,38,3000,114000,2024,10,17
2024-01-26,Headphones,East,142,3000,426000,2024,1,26
2023-12-03,Mobile,South,41,25000,1025000,2023,12,3
2023-03-15,Tablet,North,78,18000,1404000,2023,3,15
2023-12-28,Laptop,North,170,60000,10200000,2023,12,28
2023-04-10,Mobile,North,71,25000,1775000,2023,4,10
2024-11-27,Smart Watch,North,123,5000,615000,2024,11,27
2024-04-06,Laptop,East,143,60000,8580000,2024,4,6
2024-09-23,Mobile,North,88,25000,2200000,2024,9,23
2023-09-17,Mobile,South,194,25000,4850000,2023,9,17
2023-06-21,Tablet,South,140,18000,2520000,2023,6,21
2024-09-17,Mobile,West,111,25000,2775000,2024,9,17
2024-03-04,Mobile,South,195,25000,4875000,2024,3,4
2023-09-12,Headphones,South,121,3000,363000,2023,9,12
2023-11-09,Smart Watch,West,128,5000,640000,2023,11,9
2024-04-06,Laptop,West,61,60000,3660000,2024,4,6
2024-06-03,Headphones,South,142,3000,426000,2024,6,3
2024-01-09,Smart Watch,East,54,5000,270000,2024,1,9
2024-10-10,Mobile,West,42,25000,1050000,2024,10,10
2024-09-29,Tablet,South,123,18000,2214000,2024,9,29
2023-07-23,Smart Watch,East,194,5000,970000,2023,7,23
2023-09-10,Laptop,South,139,60000,8340000,2023,9,10
2023-03-03,Tablet,South,77,18000,1386000,2023,3,3
2024-06-20,Tablet,North,53,18000,954000,2024,6,20
2024-11-05,Laptop,South,198,60000,11880000,2024,11,5
2023-06-21,Headphones,East,139,3000,417000,2023,6,21
2023-12-18,Mobile,North,119,25000,2975000,2023,12,18
2024-08-03,Mobile,South,53,25000,1325000,2024,8,3
2023-11-26,Tablet,East,171,18000,3078000,2023,11,26
2023-10-13,Tablet,North,12,18000,216000,2023,10,13
2023-01-26,Laptop,South,161,60000,9660000,2023,1,26
2024-07-18,Tablet,West,195,18000,3510000,2024,7,18
2024-12-16,Laptop,West,20,60000,1200000,2024,12,16
2023-12-20,Mobile,South,94,25000,2350000,2023,12,20
2023-04-10,Headphones,South,53,3000,159000,2023,4,10
2023-10-05,Smart Watch,East,123,5000,615000,2023,10,5
2024-05-05,Smart Watch,West,39,5000,195000,2024,5,5
2023-09-21,Mobile,North,120,25000,3000000,2023,9,21
2023-11-25,Tablet,West,34,18000,612000,2023,11,25
2023-10-02,Smart Watch,East,137,5000,685000,2023,10,2
2023-11-24,Tablet,East,164,18000,2952000,2023,11,24
2024-07-05,Mobile,East,199,25000,4975000,2024,7,5
2023-03-24,Mobile,South,166,25000,4150000,2023,3,24
2023-06-16,Headphones,North,42,3000,126000,2023,6,16
2023-08-17,Tablet,North,120,18000,2160000,2023,8,17
2024-06-11,Mobile,West,21,25000,525000,2024,6,11
2023-03-13,Smart Watch,South,126,5000,630000,2023,3,13
2024-11-19,Mobile,North,31,25000,775000,2024,11,19
2023-09-26,Headphones,North,116,3000,348000,2023,9,26
2023-01-18,Mobile,North,39,25000,975000,2023,1,18
2023-05-24,Smart Watch,East,170,5000,850000,2023,5,24
2024-10-27,Laptop,North,175,60000,10500000,2024,10,27
2024-01-04,Mobile,South,115,25000,2875000,2024,1,4
2023-08-04,Mobile,East,178,25000,4450000,2023,8,4
2023-03-13,Headphones,South,26,3000,78000,2023,3,13
2024-03-21,Smart Watch,South,79,5000,395000,2024,3,21
2023-05-30,Mobile,East,149,25000,3725000,2023,5,30
2023-04-09,Tablet,East,185,18000,3330000,2023,4,9
2024-03-30,Mobile,North,150,25000,3750000,2024,3,30
2024-12-25,Laptop,South,192,60000,11520000,2024,12,25
2023-09-08,Laptop,East,61,60000,3660000,2023,9,8
2023-08-14,Tablet,South,43,18000,774000,2023,8,14
2023-05-11,Mobile,West,196,25000,4900000,2023,5,11
2024-03-07,Laptop,East,76,60000,4560000,2024,3,7
2023-07-29,Laptop,West,142,60000,8520000,2023,7,29
2024-10-12,Laptop,South,138,60000,8280000,2024,10,12
2023-04-01,Headphones,East,38,3000,114000,2023,4,1
2024-12-22,Headphones,North,50,3000,150000,2024,12,22
2023-05-10,Smart Watch,North,185,5000,925000,2023,5,10
2023-01-24,Tablet,South,109,18000,1962000,2023,1,24
2023-05-19,Mobile,South,38,25000,950000,2023,5,19
2024-05-10,Headphones,East,51,3000,153000,2024,5,10
2023-10-26,Mobile,North,169,25000,4225000,2023,10,26
2023-03-05,Tablet,South,161,18000,2898000,2023,3,5
2023-08-03,Mobile,South,40,25000,1000000,2023,8,3
2023-08-20,Mobile,North,87,25000,2175000,2023,8,20
2023-10-31,Laptop,North,76,60000,4560000,2023,10,31
2024-05-16,Mobile,South,146,25000,3650000,2024,5,16
2024-08-21,Smart Watch,North,74,5000,370000,2024,8,21
2024-02-09,Tablet,South,132,18000,2376000,2024,2,9
2023-07-17,Headphones,West,37,3000,111000,2023,7,17
2024-03-04,Laptop,East,132,60000,7920000,2024,3,4
2024-11-10,Mobile,West,140,25000,3500000,2024,11,10
2023-03-17,Headphones,South,55,3000,165000,2023,3,17
2024-12-26,Smart Watch,North,94,5000,470000,2024,12,26
2023-09-24,Smart Watch,East,100,5000,500000,2023,9,24
2024-12-28,Laptop,East,103,60000,6180000,2024,12,28
2023-06-23,Smart Watch,East,197,5000,985000,2023,6,23
2023-01-31,Tablet,East,130,18000,2340000,2023,1,31
2023-05-10,Laptop,East,11,60000,660000,2023,5,10
2023-04-11,Smart Watch,South,142,5000,710000,2023,4,11
2024-11-22,Smart Watch,North,102,5000,510000,2024,11,22
2023-01-20,Smart Watch,South,157,5000,785000,2023,1,20
2024-06-20,Mobile,North,169,25000,4225000,2024,6,20
2023-01-26,Laptop,North,76,60000,4560000,2023,1,26
2024-05-27,Tablet,North,22,18000,396000,2024,5,27
2024-07-13,Laptop,North,124,60000,7440000,2024,7,13
2023-10-18,Headphones,South,14,3000,42000,2023,10,18
2023-07-24,Laptop,East,191,60000,11460000,2023,7,24
2024-01-22,Headphones,North,168,3000,504000,2024,1,22
2023-03-10,Laptop,West,187,60000,11220000,2023,3,10
2023-07-31,Headphones,West,125,3000,375000,2023,7,31
2023-11-28,Smart Watch,North,48,5000,240000,2023,11,28
2024-08-23,Headphones,North,137,3000,411000,2024,8,23
2024-11-20,Smart Watch,West,24,5000,120000,2024,11,20
2023-11-21,Laptop,South,33,60000,1980000,2023,11,21
2023-11-01,Mobile,East,13,25000,325000,2023,11,1
2023-03-31,Smart Watch,West,64,5000,320000,2023,3,31
2024-06-11,Tablet,West,38,18000,684000,2024,6,11
2024-10-24,Smart Watch,South,88,5000,440000,2024,10,24
2024-03-08,Laptop,North,30,60000,1800000,2024,3,8
2024-02-05,Laptop,East,195,60000,11700000,2024,2,5
2024-02-02,Smart Watch,West,167,5000,835000,2024,2,2
2024-11-23,Smart Watch,South,160,5000,800000,2024,11,23
2024-03-21,Laptop,East,27,60000,1620000,2024,3,21
2023-03-14,Laptop,West,198,60000,11880000,2023,3,14
2023-01-17,Tablet,East,79,18000,1422000,2023,1,17
2024-09-23,Smart Watch,South,93,5000,465000,2024,9,23
2024-12-08,Mobile,South,97,25000,2425000,2024,12,8
2024-06-06,Tablet,West,198,18000,3564000,2024,6,6
2023-08-10,Laptop,West,16,60000,960000,2023,8,10
2023-09-29,Tablet,South,25,18000,450000,2023,9,29
2024-02-28,Headphones,East,30,3000,90000,2024,2,28
2024-11-20,Tablet,West,26,18000,468000,2024,11,20
2023-10-15,Laptop,South,36,60000,2160000,2023,10,15
2024-02-08,Laptop,South,146,60000,8760000,2024,2,8
2024-08-26,Smart Watch,North,175,5000,875000,2024,8,26
2023-09-16,Headphones,South,112,3000,336000,2023,9,16
2024-07-20,Laptop,North,54,60000,3240000,2024,7,20
2023-08-14,Smart Watch,South,130,5000,650000,2023,8,14
2024-05-20,Mobile,East,68,25000,1700000,2024,5,20
2024-09-09,Laptop,South,173,60000,10380000,2024,9,9
2024-03-17,Smart Watch,East,100,5000,500000,2024,3,17
2023-01-25,Tablet,West,125,18000,2250000,2023,1,25
2023-12-04,Mobile,North,35,25000,875000,2023,12,4
2023-05-17,Headphones,East,73,3000,219000,2023,5,17
2023-07-01,Mobile,South,167,25000,4175000,2023,7,1
2023-02-22,Headphones,East,20,3000,60000,2023,2,22
2024-03-08,Headphones,South,96,3000,288000,2024,3,8
2024-02-07,Headphones,East,168,3000,504000,2024,2,7
2024-09-04,Smart Watch,East,38,5000,190000,2024,9,4
2024-09-17,Tablet,South,117,18000,2106000,2024,9,17
2023-05-10,Headphones,East,141,3000,423000,2023,5,10
2023-08-02,Mobile,South,32,25000,800000,2023,8,2
2023-02-28,Mobile,East,84,25000,2100000,2023,2,28
2024-05-18,Mobile,East,145,25000,3625000,2024,5,18
2024-02-17,Tablet,North,27,18000,486000,2024,2,17
2024-03-14,Mobile,South,127,25000,3175000,2024,3,14
2024-12-14,Tablet,North,148,18000,2664000,2024,12,14
2024-12-03,Headphones,West,76,3000,228000,2024,12,3
2024-11-23,Headphones,East,48,3000,144000,2024,11,23
2023-01-21,Mobile,East,24,25000,600000,2023,1,21
2023-07-30,Smart Watch,West,125,5000,625000,2023,7,30
2024-04-24,Mobile,East,150,25000,3750000,2024,4,24
2023-03-10,Headphones,West,87,3000,261000,2023,3,10
2024-06-04,Laptop,East,172,60000,10320000,2024,6,4
2023-04-11,Smart Watch,South,155,5000,775000,2023,4,11
2023-08-31,Laptop,West,90,60000,5400000,2023,8,31
2024-07-08,Mobile,South,76,25000,1900000,2024,7,8
2024-01-31,Headphones,West,75,3000,225000,2024,1,31
2024-02-03,Smart Watch,North,144,5000,720000,2024,2,3
2023-08-10,Headphones,South,181,3000,543000,2023,8,10
2023-06-07,Laptop,West,79,60000,4740000,2023,6,7
2024-01-06,Tablet,South,97,18000,1746000,2024,1,6
2023-08-17,Mobile,West,56,25000,1400000,2023,8,17
2024-12-15,Laptop,South,53,60000,3180000,2024,12,15
2023-11-09,Tablet,West,133,18000,2394000,2023,11,9
2024-12-11,Smart Watch,South,148,5000,740000,2024,12,11
2024-04-14,Mobile,East,125,25000,3125000,2024,4,14
2024-08-27,Mobile,West,132,25000,3300000,2024,8,27
2024-12-22,Mobile,West,33,25000,825000,2024,12,22
2024-10-09,Mobile,South,62,25000,1550000,2024,10,9
2024-03-31,Headphones,East,109,3000,327000,2024,3,31
2023-09-18,Laptop,North,107,60000,6420000,2023,9,18
2023-10-13,Mobile,North,46,25000,1150000,2023,10,13
2023-01-07,Headphones,East,199,3000,597000,2023,1,7
2024-04-20,Smart Watch,South,141,5000,705000,2024,4,20
2024-05-04,Mobile,West,121,25000,3025000,2024,5,4
2024-02-13,Headphones,North,76,3000,228000,2024,2,13
2024-01-02,Mobile,South,157,25000,3925000,2024,1,2
2024-08-17,Headphones,East,113,3000,339000,2024,8,17
2024-04-15,Smart Watch,East,119,5000,595000,2024,4,15
2023-10-17,Mobile,East,67,25000,1675000,2023,10,17
2024-06-04,Tablet,South,50,18000,900000,2024,6,4
2023-06-22,Mobile,North,125,25000,3125000,2023,6,22
2024-08-12,Headphones,North,156,3000,468000,2024,8,12
2023-02-08,Tablet,West,83,18000,1494000,2023,2,8
2023-07-10,Headphones,East,156,3000,468000,2023,7,10
2023-10-11,Smart Watch,East,170,5000,850000,2023,10,11
2024-01-29,Tablet,South,31,18000,558000,2024,1,29
2023-04-15,Mobile,East,185,25000,4625000,2023,4,15
2024-12-16,Tablet,East,177,18000,3186000,2024,12,16
2023-08-09,Tablet,South,11,18000,198000,2023,8,9
2024-12-13,Mobile,North,192,25000,4800000,2024,12,13
2024-12-12,Smart Watch,South,197,5000,985000,2024,12,12
2024-09-14,Headphones,East,113,3000,339000,2024,9,14
2024-04-24,Tablet,North,42,18000,756000,2024,4,24
2024-05-24,Smart Watch,North,135,5000,675000,2024,5,24
2024-07-22,Mobile,South,146,25000,3650000,2024,7,22
2024-01-11,Tablet,South,190,18000,3420000,2024,1,11
2023-11-06,Headphones,South,34,3000,102000,2023,11,6
2023-11-19,Headphones,South,192,3000,576000,2023,11,19
2023-06-01,Mobile,South,31,25000,775000,2023,6,1
2024-10-12,Tablet,East,58,18000,1044000,2024,10,12
2023-10-29,Smart Watch,East,101,5000,505000,2023,10,29
2024-06-29,Headphones,East,26,3000,78000,2024,6,29
2023-06-10,Headphones,South,18,3000,54000,2023,6,10
2024-03-19,Laptop,North,158,60000,9480000,2024,3,19
2024-11-28,Smart Watch,North,19,5000,95000,2024,11,28
2023-04-25,Laptop,North,74,60000,4440000,2023,4,25
2023-10-03,Laptop,East,55,60000,3300000,2023,10,3
2024-01-27,Mobile,North,122,25000,3050000,2024,1,27
2023-08-21,Tablet,East,21,18000,378000,2023,8,21
2024-11-19,Laptop,North,20,60000,1200000,2024,11,19
2024-03-21,Headphones,East,62,3000,186000,2024,3,21
2023-08-06,Laptop,West,127,60000,7620000,2023,8,6
2023-09-10,Headphones,West,44,3000,132000,2023,9,10
2023-06-29,Tablet,East,61,18000,1098000,2023,6,29
2023-03-21,Smart Watch,East,193,5000,965000,2023,3,21
2024-07-23,Smart Watch,West,112,5000,560000,2024,7,23
2024-01-31,Tablet,East,115,18000,2070000,2024,1,31
2024-07-27,Mobile,West,107,25000,2675000,2024,7,27
2023-11-29,Headphones,North,161,3000,483000,2023,11,29
2024-03-03,Laptop,South,150,60000,9000000,2024,3,3
2024-02-19,Smart Watch,South,37,5000,185000,2024,2,19
2024-10-16,Laptop,West,179,60000,10740000,2024,10,16
2023-05-20,Smart Watch,North,32,5000,160000,2023,5,20
2023-09-27,Tablet,North,86,18000,1548000,2023,9,27
2023-03-26,Smart Watch,East,131,5000,655000,2023,3,26
2023-12-29,Smart Watch,North,165,5000,825000,2023,12,29
2023-10-26,Laptop,East,108,60000,6480000,2023,10,26
2023-02-16,Tablet,South,118,18000,2124000,2023,2,16
2024-11-09,Smart Watch,East,95,5000,475000,2024,11,9
2024-01-17,Laptop,West,100,60000,6000000,2024,1,17
2023-10-16,Laptop,South,121,60000,7260000,2023,10,16
2023-08-26,Tablet,West,145,18000,2610000,2023,8,26
2024-02-11,Headphones,South,134,3000,402000,2024,2,11
2024-07-29,Tablet,South,123,18000,2214000,2024,7,29
2023-01-20,Laptop,West,28,60000,1680000,2023,1,20
2024-01-11,Smart Watch,North,114,5000,570000,2024,1,11
2024-09-03,Mobile,East,53,25000,1325000,2024,9,3
2024-03-19,Headphones,East,154,3000,462000,2024,3,19
2023-03-20,Laptop,East,179,60000,10740000,2023,3,20
2024-11-18,Headphones,West,98,3000,294000,2024,11,18
2023-04-13,Mobile,East,15,25000,375000,2023,4,13
2024-09-25,Headphones,East,125,3000,375000,2024,9,25
2023-06-12,Mobile,South,191,25000,4775000,2023,6,12
2023-09-06,Smart Watch,South,153,5000,765000,2023,9,6
2024-01-27,Laptop,West,135,60000,8100000,2024,1,27
2023-03-27,Tablet,South,193,18000,3474000,2023,3,27
2024-09-24,Headphones,North,101,3000,303000,2024,9,24
2024-08-04,Tablet,West,142,18000,2556000,2024,8,4
2024-10-10,Mobile,East,191,25000,4775000,2024,10,10
2023-02-15,Tablet,West,188,18000,3384000,2023,2,15
2023-11-30,Smart Watch,South,171,5000,855000,2023,11,30
2023-11-27,Laptop,East,132,60000,7920000,2023,11,27
2023-02-23,Headphones,South,131,3000,393000,2023,2,23
2023-04-23,Laptop,North,140,60000,8400000,2023,4,23
2023-07-31,Mobile,North,53,25000,1325000,2023,7,31
2023-05-08,Headphones,South,26,3000,78000,2023,5,8
2024-01-29,Tablet,West,155,18000,2790000,2024,1,29
2023-02-14,Headphones,East,196,3000,588000,2023,2,14
2023-11-11,Laptop,West,169,60000,10140000,2023,11,11
2023-09-24,Tablet,North,199,18000,3582000,2023,9,24
2024-11-17,Mobile,West,110,25000,2750000,2024,11,17
2024-10-18,Headphones,North,49,3000,147000,2024,10,18
2023-11-19,Mobile,North,73,25000,1825000,2023,11,19
2023-03-24,Mobile,West,185,25000,4625000,2023,3,24
2024-11-13,Laptop,North,149,60000,8940000,2024,11,13
2023-05-18,Laptop,North,173,60000,10380000,2023,5,18
2023-10-20,Headphones,West,64,3000,192000,2023,10,20
2024-06-20,Mobile,North,102,25000,2550000,2024,6,20
2023-04-04,Laptop,East,131,60000,7860000,2023,4,4
2023-01-11,Laptop,West,44,60000,2640000,2023,1,11
2024-03-22,Headphones,West,194,3000,582000,2024,3,22
2024-10-14,Tablet,South,176,18000,3168000,2024,10,14
2023-12-10,Laptop,West,43,60000,2580000,2023,12,10
2024-03-30,Tablet,East,137,18000,2466000,2024,3,30
2024-12-02,Smart Watch,East,139,5000,695000,2024,12,2
2023-12-25,Laptop,East,43,60000,2580000,2023,12,25
2023-07-15,Tablet,North,25,18000,450000,2023,7,15
2024-02-27,Smart Watch,North,90,5000,450000,2024,2,27
2024-02-09,Headphones,West,28,3000,84000,2024,2,9
2024-09-05,Smart Watch,North,50,5000,250000,2024,9,5
2024-05-24,Tablet,West,70,18000,1260000,2024,5,24
2024-06-21,Laptop,East,79,60000,4740000,2024,6,21
2023-12-29,Smart Watch,East,112,5000,560000,2023,12,29
2024-12-06,Tablet,West,195,18000,3510000,2024,12,6
2023-11-22,Laptop,North,174,60000,10440000,2023,11,22
2024-07-26,Headphones,South,162,3000,486000,2024,7,26
2023-05-07,Laptop,East,15,60000,900000,2023,5,7
2024-06-13,Mobile,West,148,25000,3700000,2024,6,13
2024-04-25,Laptop,North,110,60000,6600000,2024,4,25
2023-12-06,Laptop,West,40,60000,2400000,2023,12,6
2024-04-19,Laptop,East,119,60000,7140000,2024,4,19
2024-08-27,Headphones,North,163,3000,489000,2024,8,27
2024-10-18,Smart Watch,North,11,5000,55000,2024,10,18
2024-05-17,Smart Watch,West,173,5000,865000,2024,5,17
2023-01-06,Headphones,North,127,3000,381000,2023,1,6
2024-04-29,Laptop,South,192,60000,11520000,2024,4,29
2024-11-09,Headphones,North,23,3000,69000,2024,11,9
2023-02-25,Headphones,North,158,3000,474000,2023,2,25
2023-02-15,Headphones,North,17,3000,51000,2023,2,15
2023-12-10,Tablet,North,28,18000,504000,2023,12,10
2023-12-19,Mobile,East,95,25000,2375000,2023,12,19
2024-09-27,Mobile,South,159,25000,3975000,2024,9,27
2024-07-11,Laptop,East,150,60000,9000000,2024,7,11
2023-10-16,Smart Watch,South,86,5000,430000,2023,10,16
2024-02-15,Laptop,West,87,60000,5220000,2024,2,15
2023-06-01,Tablet,East,124,18000,2232000,2023,6,1
2023-11-15,Laptop,South,57,60000,3420000,2023,11,15
2024-12-03,Headphones,West,181,3000,543000,2024,12,3
2024-04-21,Tablet,North,49,18000,882000,2024,4,21
2023-06-26,Smart Watch,North,96,5000,480000,2023,6,26
2024-03-23,Tablet,North,130,18000,2340000,2024,3,23
2023-07-21,Mobile,East,133,25000,3325000,2023,7,21
2024-03-29,Headphones,West,52,3000,156000,2024,3,29
2023-01-23,Tablet,South,46,18000,828000,2023,1,23
2023-05-14,Laptop,South,187,60000,11220000,2023,5,14
2023-01-22,Laptop,West,162,60000,9720000,2023,1,22
2023-05-05,Mobile,West,60,25000,1500000,2023,5,5
2024-12-28,Smart Watch,South,115,5000,575000,2024,12,28
2023-07-12,Headphones,South,45,3000,135000,2023,7,12
2024-12-16,Tablet,West,179,18000,3222000,2024,12,16
2024-07-04,Tablet,West,61,18000,1098000,2024,7,4
2023-05-21,Mobile,North,67,25000,1675000,2023,5,21
2023-07-03,Laptop,West,40,60000,2400000,2023,7,3
2023-09-10,Laptop,South,197,60000,11820000,2023,9,10
2024-01-21,Tablet,East,168,18000,3024000,2024,1,21
2023-07-17,Tablet,West,72,18000,1296000,2023,7,17
2023-07-22,Smart Watch,West,101,5000,505000,2023,7,22
2023-05-18,Laptop,South,80,60000,4800000,2023,5,18
2024-08-16,Headphones,North,97,3000,291000,2024,8,16
2024-05-28,Headphones,South,52,3000,156000,2024,5,28
2024-10-27,Mobile,North,148,25000,3700000,2024,10,27
2023-03-06,Mobile,West,10,25000,250000,2023,3,6
2024-04-11,Mobile,North,157,25000,3925000,2024,4,11
2024-07-26,Smart Watch,West,77,5000,385000,2024,7,26
2024-01-31,Headphones,South,138,3000,414000,2024,1,31
2023-10-13,Laptop,West,23,60000,1380000,2023,10,13
2023-10-19,Smart Watch,East,33,5000,165000,2023,10,19
2023-11-07,Smart Watch,West,33,5000,165000,2023,11,7
2024-12-17,Mobile,South,89,25000,2225000,2024,12,17
2024-02-26,Laptop,North,84,60000,5040000,2024,2,26
2023-06-12,Tablet,North,174,18000,3132000,2023,6,12
2024-11-28,Mobile,West,38,25000,950000,2024,11,28
2024-01-22,Headphones,South,196,3000,588000,2024,1,22
2024-12-16,Mobile,South,169,25000,4225000,2024,12,16
2024-03-01,Mobile,East,138,25000,3450000,2024,3,1
2023-02-25,Smart Watch,South,115,5000,575000,2023,2,25
2023-05-10,Laptop,South,129,60000,7740000,2023,5,10
2023-11-04,Tablet,North,31,18000,558000,2023,11,4
2023-04-20,Laptop,North,82,60000,4920000,2023,4,20
2023-12-06,Smart Watch,East,109,5000,545000,2023,12,6
2023-06-17,Smart Watch,West,146,5000,730000,2023,6,17
2023-04-15,Mobile,West,115,25000,2875000,2023,4,15
2023-10-26,Laptop,South,57,60000,3420000,2023,10,26
2024-09-29,Smart Watch,West,138,5000,690000,2024,9,29
2024-01-06,Smart Watch,East,174,5000,870000,2024,1,6
2023-05-05,Laptop,West,71,60000,4260000,2023,5,5
2023-11-24,Smart Watch,North,170,5000,850000,2023,11,24
2024-07-31,Headphones,West,91,3000,273000,2024,7,31
2023-12-29,Laptop,South,161,60000,9660000,2023,12,29
2024-05-18,Headphones,North,141,3000,423000,2024,5,18
2024-08-11,Laptop,North,155,60000,9300000,2024,8,11
2024-12-06,Laptop,South,37,60000,2220000,2024,12,6
2024-06-30,Laptop,East,134,60000,8040000,2024,6,30
2024-01-29,Laptop,South,94,60000,5640000,2024,1,29
2024-01-28,Headphones,East,24,3000,72000,2024,1,28
2024-03-16,Smart Watch,North,159,5000,795000,2024,3,16
2023-11-16,Laptop,East,80,60000,4800000,2023,11,16
2024-07-21,Headphones,North,114,3000,342000,2024,7,21
2023-06-11,Laptop,West,134,60000,8040000,2023,6,11
2023-08-13,Tablet,West,79,18000,1422000,2023,8,13
2023-10-14,Mobile,North,71,25000,1775000,2023,10,14
2023-12-15,Mobile,South,173,25000,4325000,2023,12,15
2024-02-24,Smart Watch,East,17,5000,85000,2024,2,24
2024-10-27,Headphones,West,94,3000,282000,2024,10,27
2023-01-28,Headphones,South,60,3000,180000,2023,1,28
2023-04-14,Mobile,North,38,25000,950000,2023,4,14
2024-09-30,Mobile,South,115,25000,2875000,2024,9,30
2024-11-09,Mobile,North,48,25000,1200000,2024,11,9
2023-10-04,Laptop,East,141,60000,8460000,2023,10,4
2023-07-07,Smart Watch,West,147,5000,735000,2023,7,7
2023-12-09,Laptop,South,133,60000,7980000,2023,12,9
2023-04-20,Laptop,South,70,60000,4200000,2023,4,20
2023-09-23,Headphones,North,86,3000,258000,2023,9,23
2024-05-27,Smart Watch,West,24,5000,120000,2024,5,27
2024-06-23,Smart Watch,East,154,5000,770000,2024,6,23
2024-01-04,Mobile,North,151,25000,3775000,2024,1,4
2024-10-12,Headphones,South,108,3000,324000,2024,10,12
2023-11-13,Tablet,West,40,18000,720000,2023,11,13
2024-08-15,Laptop,South,17,60000,1020000,2024,8,15
2024-12-17,Tablet,South,39,18000,702000,2024,12,17
2024-04-23,Laptop,East,29,60000,1740000,2024,4,23
2024-07-13,Laptop,South,46,60000,2760000,2024,7,13
2023-05-12,Headphones,South,131,3000,393000,2023,5,12
2024-01-22,Laptop,South,43,60000,2580000,2024,1,22
2023-02-12,Mobile,South,31,25000,775000,2023,2,12
2023-05-10,Mobile,West,115,25000,2875000,2023,5,10
2024-12-16,Laptop,North,81,60000,4860000,2024,12,16
2024-03-07,Mobile,North,24,25000,600000,2024,3,7
2023-02-22,Headphones,West,83,3000,249000,2023,2,22
2024-07-11,Smart Watch,South,156,5000,780000,2024,7,11
2023-06-15,Tablet,East,126,18000,2268000,2023,6,15
2023-10-26,Headphones,West,30,3000,90000,2023,10,26
2023-06-27,Mobile,South,163,25000,4075000,2023,6,27
2023-07-20,Tablet,East,51,18000,918000,2023,7,20
2023-03-09,Smart Watch,North,79,5000,395000,2023,3,9
2024-12-08,Mobile,East,121,25000,3025000,2024,12,8
2023-12-25,Laptop,East,188,60000,11280000,2023,12,25
2024-04-21,Tablet,West,167,18000,3006000,2024,4,21
2023-06-02,Tablet,West,163,18000,2934000,2023,6,2
2024-07-21,Laptop,East,168,60000,10080000,2024,7,21
2024-06-21,Mobile,North,32,25000,800000,2024,6,21
2023-02-16,Smart Watch,North,75,5000,375000,2023,2,16
2024-12-06,Laptop,West,86,60000,5160000,2024,12,6
2024-02-23,Laptop,North,40,60000,2400000,2024,2,23
2023-03-26,Mobile,West,68,25000,1700000,2023,3,26
2023-10-24,Mobile,South,105,25000,2625000,2023,10,24
2024-11-10,Mobile,West,174,25000,4350000,2024,11,10
2023-04-15,Laptop,North,83,60000,4980000,2023,4,15
2024-03-14,Headphones,East,135,3000,405000,2024,3,14
2023-05-18,Tablet,South,47,18000,846000,2023,5,18
2024-01-31,Smart Watch,North,172,5000,860000,2024,1,31
2024-03-25,Tablet,North,178,18000,3204000,2024,3,25
2023-10-12,Mobile,West,23,25000,575000,2023,10,12
2024-02-22,Laptop,South,40,60000,2400000,2024,2,22
2023-04-14,Mobile,South,137,25000,3425000,2023,4,14
2023-07-29,Laptop,East,28,60000,1680000,2023,7,29
2024-12-12,Headphones,West,12,3000,36000,2024,12,12
2023-08-24,Laptop,West,154,60000,9240000,2023,8,24
2024-10-15,Tablet,North,199,18000,3582000,2024,10,15
2024-11-07,Tablet,West,44,18000,792000,2024,11,7
2023-02-22,Tablet,West,145,18000,2610000,2023,2,22
2023-01-04,Tablet,West,177,18000,3186000,2023,1,4
2023-02-16,Headphones,West,100,3000,300000,2023,2,16
2023-08-01,Headphones,West,77,3000,231000,2023,8,1
2024-10-12,Smart Watch,North,82,5000,410000,2024,10,12
2024-05-30,Headphones,North,86,3000,258000,2024,5,30
2024-02-14,Mobile,North,48,25000,1200000,2024,2,14
2024-04-20,Mobile,East,97,25000,2425000,2024,4,20
2024-12-23,Laptop,North,86,60000,5160000,2024,12,23
2024-03-17,Headphones,North,75,3000,225000,2024,3,17
2024-01-17,Smart Watch,South,151,5000,755000,2024,1,17
2024-01-03,Headphones,East,105,3000,315000,2024,1,3
2024-06-28,Laptop,West,167,60000,10020000,2024,6,28
2024-03-21,Smart Watch,South,56,5000,280000,2024,3,21
2024-09-15,Mobile,North,52,25000,1300000,2024,9,15
2023-09-21,Headphones,East,134,3000,402000,2023,9,21
2023-09-25,Headphones,West,87,3000,261000,2023,9,25
2024-04-08,Tablet,North,186,18000,3348000,2024,4,8
2023-03-04,Tablet,North,60,18000,1080000,2023,3,4
2023-09-03,Laptop,South,196,60000,11760000,2023,9,3
2023-11-28,Mobile,East,101,25000,2525000,2023,11,28
2024-05-24,Laptop,North,71,60000,4260000,2024,5,24
2024-04-07,Headphones,South,55,3000,165000,2024,4,7
2023-03-05,Laptop,South,181,60000,10860000,2023,3,5
2024-08-09,Smart Watch,East,199,5000,995000,2024,8,9
2024-07-17,Laptop,East,75,60000,4500000,2024,7,17
2024-10-23,Headphones,North,81,3000,243000,2024,10,23
2024-07-11,Laptop,South,66,60000,3960000,2024,7,11
2023-12-09,Smart Watch,East,70,5000,350000,2023,12,9
2024-06-03,Smart Watch,West,70,5000,350000,2024,6,3
2024-12-05,Tablet,South,63,18000,1134000,2024,12,5
2023-10-19,Mobile,East,114,25000,2850000,2023,10,19
2023-12-04,Tablet,South,58,18000,1044000,2023,12,4
2024-05-01,Laptop,East,66,60000,3960000,2024,5,1
2024-09-16,Smart Watch,East,92,5000,460000,2024,9,16
2023-02-26,Smart Watch,East,120,5000,600000,2023,2,26
2023-03-17,Headphones,North,140,3000,420000,2023,3,17
2023-11-25,Mobile,North,176,25000,4400000,2023,11,25
2024-10-03,Tablet,North,153,18000,2754000,2024,10,3
2023-01-09,Smart Watch,West,164,5000,820000,2023,1,9
2023-02-21,Laptop,South,109,60000,6540000,2023,2,21
2024-12-05,Mobile,East,60,25000,1500000,2024,12,5
2024-01-28,Smart Watch,West,64,5000,320000,2024,1,28
2024-09-12,Tablet,West,119,18000,2142000,2024,9,12
2023-07-15,Laptop,West,173,60000,10380000,2023,7,15
2024-10-01,Laptop,South,109,60000,6540000,2024,10,1
2023-05-28,Laptop,North,117,60000,7020000,2023,5,28
2024-10-13,Mobile,South,72,25000,1800000,2024,10,13
2024-06-20,Headphones,North,34,3000,102000,2024,6,20
2023-01-11,Laptop,South,59,60000,3540000,2023,1,11
2024-12-02,Laptop,East,125,60000,7500000,2024,12,2
2023-12-18,Laptop,South,10,60000,600000,2023,12,18
2023-07-28,Laptop,East,81,60000,4860000,2023,7,28
2024-01-24,Laptop,East,156,60000,9360000,2024,1,24
2023-10-06,Laptop,South,103,60000,6180000,2023,10,6
2024-03-09,Laptop,South,23,60000,1380000,2024,3,9
2023-09-14,Mobile,South,98,25000,2450000,2023,9,14
2024-02-04,Mobile,East,181,25000,4525000,2024,2,4
2024-04-08,Smart Watch,West,120,5000,600000,2024,4,8
2023-07-02,Tablet,West,171,18000,3078000,2023,7,2
2023-10-10,Mobile,East,81,25000,2025000,2023,10,10
2024-06-18,Headphones,South,126,3000,378000,2024,6,18
2023-12-28,Smart Watch,North,77,5000,385000,2023,12,28
2024-01-19,Laptop,North,99,60000,5940000,2024,1,19
2023-04-13,Headphones,East,22,3000,66000,2023,4,13
2023-07-13,Headphones,East,161,3000,483000,2023,7,13
2024-08-22,Tablet,East,24,18000,432000,2024,8,22
2023-10-24,Tablet,West,82,18000,1476000,2023,10,24
2023-02-21,Headphones,North,26,3000,78000,2023,2,21
2023-12-17,Headphones,South,72,3000,216000,2023,12,17
2023-08-17,Smart Watch,South,184,5000,920000,2023,8,17
2023-10-21,Laptop,South,113,60000,6780000,2023,10,21
2023-07-23,Smart Watch,South,181,5000,905000,2023,7,23
2024-01-10,Mobile,South,29,25000,725000,2024,1,10
2023-12-01,Mobile,North,19,25000,475000,2023,12,1
2024-06-05,Smart Watch,East,165,5000,825000,2024,6,5
2023-06-07,Smart Watch,East,76,5000,380000,2023,6,7
2023-10-26,Smart Watch,West,110,5000,550000,2023,10,26
2023-02-25,Headphones,West,146,3000,438000,2023,2,25
2024-01-16,Headphones,East,118,3000,354000,2024,1,16
2023-11-13,Headphones,South,161,3000,483000,2023,11,13
2024-03-10,Mobile,South,170,25000,4250000,2024,3,10
2024-06-11,Laptop,North,71,60000,4260000,2024,6,11
2024-04-10,Mobile,South,81,25000,2025000,2024,4,10
2023-01-30,Mobile,East,66,25000,1650000,2023,1,30
2023-12-31,Laptop,East,80,60000,4800000,2023,12,31
2023-09-26,Mobile,East,44,25000,1100000,2023,9,26
2023-12-17,Headphones,South,130,3000,390000,2023,12,17
2023-06-12,Smart Watch,North,106,5000,530000,2023,6,12
2024-03-11,Tablet,North,165,18000,2970000,2024,3,11
2023-04-28,Mobile,West,88,25000,2200000,2023,4,28
2024-08-12,Tablet,East,135,18000,2430000,2024,8,12
2024-01-25,Headphones,North,110,3000,330000,2024,1,25
2024-04-12,Mobile,South,35,25000,875000,2024,4,12
2023-07-29,Headphones,North,188,3000,564000,2023,7,29
2023-03-14,Tablet,North,193,18000,3474000,2023,3,14
2024-11-29,Headphones,South,97,3000,291000,2024,11,29
2023-09-10,Smart Watch,East,85,5000,425000,2023,9,10
2023-02-20,Tablet,North,131,18000,2358000,2023,2,20
2023-07-30,Mobile,North,165,25000,4125000,2023,7,30
2023-08-26,Mobile,West,109,25000,2725000,2023,8,26
2023-09-30,Headphones,West,70,3000,210000,2023,9,30
2023-05-03,Smart Watch,West,83,5000,415000,2023,5,3
2024-02-13,Tablet,East,11,18000,198000,2024,2,13
2023-03-30,Laptop,South,35,60000,2100000,2023,3,30
2024-12-12,Tablet,East,98,18000,1764000,2024,12,12
2023-05-26,Laptop,North,112,60000,6720000,2023,5,26
2024-05-17,Headphones,North,174,3000,522000,2024,5,17
2023-09-28,Mobile,East,65,25000,1625000,2023,9,28
2023-12-25,Mobile,South,87,25000,2175000,2023,12,25
2024-11-19,Laptop,East,39,60000,2340000,2024,11,19
2023-09-18,Tablet,East,189,18000,3402000,2023,9,18
2024-04-16,Mobile,North,32,25000,800000,2024,4,16
2024-07-13,Smart Watch,West,15,5000,75000,2024,7,13
2024-07-03,Laptop,West,36,60000,2160000,2024,7,3
2023-07-22,Smart Watch,North,26,5000,130000,2023,7,22
2023-09-01,Tablet,East,88,18000,1584000,2023,9,1
2024-09-13,Smart Watch,East,133,5000,665000,2024,9,13
2023-12-31,Mobile,South,101,25000,2525000,2023,12,31
2023-08-09,Laptop,South,13,60000,780000,2023,8,9
2024-09-16,Mobile,East,170,25000,4250000,2024,9,16
2024-09-06,Headphones,South,82,3000,246000,2024,9,6
2023-07-06,Headphones,West,140,3000,420000,2023,7,6
2024-03-17,Laptop,East,11,60000,660000,2024,3,17
2024-06-19,Headphones,South,33,3000,99000,2024,6,19
2024-10-28,Smart Watch,South,100,5000,500000,2024,10,28
2023-06-16,Mobile,North,129,25000,3225000,2023,6,16
2024-05-30,Smart Watch,North,10,5000,50000,2024,5,30
2023-11-02,Tablet,South,196,18000,3528000,2023,11,2
2024-07-27,Laptop,West,65,60000,3900000,2024,7,27
2024-09-14,Mobile,West,30,25000,750000,2024,9,14
2023-05-21,Laptop,East,79,60000,4740000,2023,5,21
2024-01-20,Smart Watch,South,65,5000,325000,2024,1,20
2024-11-17,Tablet,South,137,18000,2466000,2024,11,17
2024-03-06,Mobile,North,195,25000,4875000,2024,3,6
2023-10-15,Mobile,West,179,25000,4475000,2023,10,15
2024-07-13,Mobile,South,90,25000,2250000,2024,7,13
2023-03-01,Smart Watch,North,74,5000,370000,2023,3,1
2023-08-27,Laptop,South,34,60000,2040000,2023,8,27
2024-02-14,Smart Watch,East,170,5000,850000,2024,2,14
2023-12-23,Laptop,South,66,60000,3960000,2023,12,23
2024-03-08,Laptop,East,65,60000,3900000,2024,3,8
2024-07-30,Headphones,North,143,3000,429000,2024,7,30
2024-08-23,Laptop,North,10,60000,600000,2024,8,23
2024-11-02,Mobile,South,140,25000,3500000,2024,11,2
2023-02-18,Tablet,West,166,18000,2988000,2023,2,18
2024-03-09,Mobile,North,193,25000,4825000,2024,3,9
2023-05-25,Headphones,South,173,3000,519000,2023,5,25
2024-07-26,Laptop,North,85,60000,5100000,2024,7,26
2024-03-19,Headphones,South,140,3000,420000,2024,3,19
2024-07-08,Laptop,South,187,60000,11220000,2024,7,8
2023-10-20,Mobile,East,170,25000,4250000,2023,10,20
2023-05-19,Headphones,South,33,3000,99000,2023,5,19
2024-09-28,Mobile,North,97,25000,2425000,2024,9,28
2023-03-29,Laptop,South,154,60000,9240000,2023,3,29
2024-01-17,Laptop,West,70,60000,4200000,2024,1,17
2024-08-28,Tablet,East,83,18000,1494000,2024,8,28
2023-03-02,Mobile,East,21,25000,525000,2023,3,2
2024-02-19,Laptop,East,190,60000,11400000,2024,2,19
2024-07-11,Smart Watch,South,89,5000,445000,2024,7,11
2024-10-08,Headphones,East,61,3000,183000,2024,10,8
2024-04-17,Tablet,West,45,18000,810000,2024,4,17
2024-09-22,Laptop,North,84,60000,5040000,2024,9,22
2024-04-30,Smart Watch,East,121,5000,605000,2024,4,30
2023-04-25,Tablet,North,55,18000,990000,2023,4,25
2024-09-16,Tablet,West,89,18000,1602000,2024,9,16
2023-12-02,Smart Watch,South,130,5000,650000,2023,12,2
2023-05-27,Mobile,North,182,25000,4550000,2023,5,27
2024-10-27,Mobile,East,165,25000,4125000,2024,10,27
2024-03-24,Headphones,West,180,3000,540000,2024,3,24
2024-02-25,Mobile,North,177,25000,4425000,2024,2,25
2023-06-15,Smart Watch,North,146,5000,730000,2023,6,15
2024-04-05,Tablet,North,153,18000,2754000,2024,4,5
2024-01-14,Mobile,South,117,25000,2925000,2024,1,14
2023-03-13,Tablet,South,179,18000,3222000,2023,3,13
2023-07-24,Laptop,North,167,60000,10020000,2023,7,24
2024-10-14,Tablet,East,146,18000,2628000,2024,10,14
2024-07-19,Mobile,North,96,25000,2400000,2024,7,19
2023-06-27,Mobile,East,40,25000,1000000,2023,6,27
2024-04-06,Tablet,North,137,18000,2466000,2024,4,6
2024-01-26,Smart Watch,West,135,5000,675000,2024,1,26
2024-05-08,Headphones,North,116,3000,348000,2024,5,8
2024-04-08,Tablet,North,132,18000,2376000,2024,4,8
2024-04-18,Tablet,North,82,18000,1476000,2024,4,18
2024-07-15,Laptop,East,21,60000,1260000,2024,7,15
2023-01-23,Smart Watch,East,68,5000,340000,2023,1,23
2023-06-13,Tablet,South,192,18000,3456000,2023,6,13
2024-07-22,Laptop,East,99,60000,5940000,2024,7,22
2023-11-07,Smart Watch,West,10,5000,50000,2023,11,7
2024-06-16,Tablet,North,61,18000,1098000,2024,6,16
2023-12-04,Tablet,West,76,18000,1368000,2023,12,4
2024-09-16,Headphones,West,19,3000,57000,2024,9,16
2023-08-20,Smart Watch,West,37,5000,185000,2023,8,20
2024-09-19,Tablet,North,13,18000,234000,2024,9,19
2024-08-13,Laptop,West,83,60000,4980000,2024,8,13
2024-11-17,Mobile,West,32,25000,800000,2024,11,17
2023-05-09,Tablet,West,195,18000,3510000,2023,5,9
2024-04-23,Tablet,West,10,18000,180000,2024,4,23
2024-10-04,Tablet,North,38,18000,684000,2024,10,4
2024-08-23,Laptop,West,198,60000,11880000,2024,8,23
2024-01-23,Laptop,South,170,60000,10200000,2024,1,23
2023-06-25,Tablet,East,94,18000,1692000,2023,6,25
2023-08-21,Headphones,North,180,3000,540000,2023,8,21
2023-08-01,Mobile,North,131,25000,3275000,2023,8,1
2023-08-15,Tablet,North,38,18000,684000,2023,8,15
2024-03-26,Laptop,West,70,60000,4200000,2024,3,26
2024-05-16,Tablet,South,186,18000,3348000,2024,5,16
2023-11-30,Laptop,North,132,60000,7920000,2023,11,30
2023-05-22,Headphones,West,106,3000,318000,2023,5,22
2023-11-29,Laptop,West,64,60000,3840000,2023,11,29
2023-11-03,Laptop,North,38,60000,2280000,2023,11,3
2023-11-21,Laptop,West,55,60000,3300000,2023,11,21
2024-12-17,Headphones,South,83,3000,249000,2024,12,17
2024-07-06,Smart Watch,East,196,5000,980000,2024,7,6
2024-07-17,Mobile,North,165,25000,4125000,2024,7,17
2024-04-11,Smart Watch,West,150,5000,750000,2024,4,11
2023-09-05,Smart Watch,West,76,5000,380000,2023,9,5
2024-07-26,Headphones,East,161,3000,483000,2024,7,26
2024-12-03,Smart Watch,North,160,5000,800000,2024,12,3
2023-10-13,Headphones,South,105,3000,315000,2023,10,13
2023-11-08,Smart Watch,East,106,5000,530000,2023,11,8
2023-04-23,Headphones,North,189,3000,567000,2023,4,23
2023-05-12,Mobile,North,170,25000,4250000,2023,5,12
2023-05-01,Smart Watch,South,131,5000,655000,2023,5,1
2023-02-08,Mobile,North,42,25000,1050000,2023,2,8
2023-07-19,Headphones,West,158,3000,474000,2023,7,19
2024-11-15,Mobile,East,91,25000,2275000,2024,11,15
2023-03-03,Headphones,South,21,3000,63000,2023,3,3
2024-10-04,Headphones,East,146,3000,438000,2024,10,4
2023-04-16,Tablet,West,87,18000,1566000,2023,4,16
2024-01-22,Mobile,North,161,25000,4025000,2024,1,22
2024-04-01,Smart Watch,South,121,5000,605000,2024,4,1
2024-09-30,Smart Watch,East,98,5000,490000,2024,9,30
2023-07-22,Laptop,West,94,60000,5640000,2023,7,22
2023-06-16,Headphones,West,51,3000,153000,2023,6,16
2024-06-04,Laptop,North,11,60000,660000,2024,6,4
2023-10-02,Headphones,South,79,3000,237000,2023,10,2
2024-06-12,Headphones,North,103,3000,309000,2024,6,12
2023-03-25,Tablet,East,60,18000,1080000,2023,3,25
2023-06-03,Headphones,West,17,3000,51000,2023,6,3
2024-02-25,Smart Watch,North,164,5000,820000,2024,2,25
2023-06-22,Headphones,South,137,3000,411000,2023,6,22
2024-04-16,Tablet,North,80,18000,1440000,2024,4,16
2023-01-31,Smart Watch,West,20,5000,100000,2023,1,31
2023-12-10,Laptop,South,197,60000,11820000,2023,12,10
2023-12-08,Mobile,East,125,25000,3125000,2023,12,8
2023-07-03,Laptop,South,89,60000,5340000,2023,7,3
2023-07-11,Headphones,East,101,3000,303000,2023,7,11
2024-09-28,Tablet,West,68,18000,1224000,2024,9,28
2024-03-11,Laptop,West,28,60000,1680000,2024,3,11
2024-10-22,Laptop,North,36,60000,2160000,2024,10,22
2023-09-30,Headphones,North,54,3000,162000,2023,9,30
2023-01-08,Mobile,North,132,25000,3300000,2023,1,8
2023-02-02,Laptop,West,15,60000,900000,2023,2,2
2024-05-31,Tablet,West,27,18000,486000,2024,5,31
2024-11-19,Mobile,North,92,25000,2300000,2024,11,19
2024-03-13,Smart Watch,West,140,5000,700000,2024,3,13
2023-01-25,Mobile,North,192,25000,4800000,2023,1,25
2024-11-10,Tablet,South,187,18000,3366000,2024,11,10
2023-04-05,Laptop,East,155,60000,9300000,2023,4,5
2023-08-19,Laptop,East,87,60000,5220000,2023,8,19
2024-03-12,Laptop,West,47,60000,2820000,2024,3,12
2024-10-23,Tablet,West,61,18000,1098000,2024,10,23
2024-06-24,Headphones,North,73,3000,219000,2024,6,24
2023-12-11,Smart Watch,West,193,5000,965000,2023,12,11
2023-09-25,Laptop,East,42,60000,2520000,2023,9,25
2024-01-12,Mobile,West,146,25000,3650000,2024,1,12
2024-05-03,Mobile,South,38,25000,950000,2024,5,3
2023-02-08,Tablet,West,182,18000,3276000,2023,2,8
2023-01-17,Mobile,South,76,25000,1900000,2023,1,17
2023-07-16,Tablet,East,103,18000,1854000,2023,7,16
2023-08-25,Smart Watch,East,164,5000,820000,2023,8,25
2024-07-19,Mobile,North,86,25000,2150000,2024,7,19
2024-07-06,Mobile,East,137,25000,3425000,2024,7,6
2023-08-17,Smart Watch,South,127,5000,635000,2023,8,17
2024-09-03,Laptop,North,189,60000,11340000,2024,9,3
2023-09-15,Mobile,North,132,25000,3300000,2023,9,15
2023-12-08,Tablet,North,145,18000,2610000,2023,12,8
2023-02-28,Laptop,North,21,60000,1260000,2023,2,28
2023-09-17,Smart Watch,North,104,5000,520000,2023,9,17
2023-05-05,Laptop,East,16,60000,960000,2023,5,5
2024-04-15,Smart Watch,North,90,5000,450000,2024,4,15
2024-06-25,Laptop,South,98,60000,5880000,2024,6,25
2023-07-27,Smart Watch,South,19,5000,95000,2023,7,27
2023-10-20,Smart Watch,North,41,5000,205000,2023,10,20
2023-02-16,Tablet,South,129,18000,2322000,2023,2,16
2024-02-24,Mobile,South,168,25000,4200000,2024,2,24
2023-12-19,Smart Watch,North,86,5000,430000,2023,12,19
2024-05-02,Tablet,East,172,18000,3096000,2024,5,2
2023-01-15,Tablet,North,39,18000,702000,2023,1,15
2023-12-25,Mobile,East,180,25000,4500000,2023,12,25
2024-05-11,Headphones,South,49,3000,147000,2024,5,11
2024-03-24,Smart Watch,South,130,5000,650000,2024,3,24
2023-05-27,Tablet,West,52,18000,936000,2023,5,27
2023-05-23,Laptop,North,124,60000,7440000,2023,5,23
2023-12-31,Mobile,West,173,25000,4325000,2023,12,31
2024-04-25,Headphones,North,170,3000,510000,2024,4,25
2024-05-31,Smart Watch,South,100,5000,500000,2024,5,31
2024-08-21,Headphones,East,92,3000,276000,2024,8,21
2024-11-17,Headphones,South,104,3000,312000,2024,11,17
2023-08-11,Laptop,North,86,60000,5160000,2023,8,11
2024-12-18,Headphones,South,63,3000,189000,2024,12,18
2024-09-15,Smart Watch,East,36,5000,180000,2024,9,15
2023-03-11,Mobile,South,118,25000,2950000,2023,3,11
2024-12-01,Smart Watch,East,59,5000,295000,2024,12,1
2023-05-04,Tablet,North,49,18000,882000,2023,5,4
2023-01-22,Smart Watch,South,49,5000,245000,2023,1,22
2024-07-03,Tablet,North,192,18000,3456000,2024,7,3
2024-03-10,Tablet,West,17,18000,306000,2024,3,10
2023-03-27,Headphones,East,146,3000,438000,2023,3,27
2023-12-02,Smart Watch,North,99,5000,495000,2023,12,2
2024-07-24,Tablet,West,81,18000,1458000,2024,7,24
2023-01-24,Headphones,North,65,3000,195000,2023,1,24
2023-08-11,Tablet,West,187,18000,3366000,2023,8,11
2024-03-25,Laptop,West,198,60000,11880000,2024,3,25
2024-07-31,Mobile,North,173,25000,4325000,2024,7,31
2023-09-06,Headphones,North,173,3000,519000,2023,9,6
2023-09-12,Headphones,South,170,3000,510000,2023,9,12
2023-06-19,Smart Watch,South,98,5000,490000,2023,6,19
2024-03-20,Mobile,South,91,25000,2275000,2024,3,20
2024-09-19,Smart Watch,East,52,5000,260000,2024,9,19
2023-07-07,Smart Watch,North,26,5000,130000,2023,7,7
2024-03-09,Tablet,North,22,18000,396000,2024,3,9
2023-10-30,Smart Watch,South,74,5000,370000,2023,10,30
2024-07-13,Smart Watch,South,172,5000,860000,2024,7,13
2024-05-17,Mobile,East,110,25000,2750000,2024,5,17
2024-08-05,Tablet,North,150,18000,2700000,2024,8,5
2023-05-18,Mobile,South,81,25000,2025000,2023,5,18
2023-08-16,Laptop,West,69,60000,4140000,2023,8,16
2024-03-06,Tablet,South,95,18000,1710000,2024,3,6
2024-02-01,Smart Watch,North,10,5000,50000,2024,2,1
2024-01-16,Headphones,North,13,3000,39000,2024,1,16
2023-08-22,Tablet,East,61,18000,1098000,2023,8,22
2023-03-11,Laptop,West,153,60000,9180000,2023,3,11
2023-01-24,Smart Watch,North,86,5000,430000,2023,1,24
2023-06-24,Headphones,North,110,3000,330000,2023,6,24
2024-11-01,Headphones,West,39,3000,117000,2024,11,1
2023-01-18,Headphones,East,108,3000,324000,2023,1,18
2024-01-12,Laptop,East,69,60000,4140000,2024,1,12
2024-02-06,Laptop,North,65,60000,3900000,2024,2,6
2023-01-31,Smart Watch,East,133,5000,665000,2023,1,31
2023-12-19,Smart Watch,East,116,5000,580000,2023,12,19
2023-07-10,Mobile,North,176,25000,4400000,2023,7,10
2024-08-05,Mobile,South,103,25000,2575000,2024,8,5
2023-03-17,Tablet,East,70,18000,1260000,2023,3,17
2023-05-01,Headphones,North,185,3000,555000,2023,5,1
2023-06-09,Headphones,South,141,3000,423000,2023,6,9
2024-05-16,Smart Watch,East,184,5000,920000,2024,5,16
2023-01-01,Tablet,North,95,18000,1710000,2023,1,1
2024-07-27,Laptop,South,114,60000,6840000,2024,7,27
2023-11-14,Tablet,South,22,18000,396000,2023,11,14
2024-11-05,Tablet,South,193,18000,3474000,2024,11,5
2024-09-14,Smart Watch,West,60,5000,300000,2024,9,14
2023-05-24,Mobile,East,54,25000,1350000,2023,5,24
2024-11-06,Laptop,South,51,60000,3060000,2024,11,6
2023-08-21,Headphones,West,174,3000,522000,2023,8,21
2024-12-06,Mobile,West,192,25000,4800000,2024,12,6
2023-08-20,Laptop,East,116,60000,6960000,2023,8,20
2024-05-17,Mobile,East,89,25000,2225000,2024,5,17
2024-01-16,Headphones,North,143,3000,429000,2024,1,16
2023-12-30,Mobile,South,155,25000,3875000,2023,12,30
2024-09-30,Laptop,East,123,60000,7380000,2024,9,30
2023-09-21,Tablet,East,50,18000,900000,2023,9,21
2023-10-23,Tablet,North,119,18000,2142000,2023,10,23
2023-08-09,Mobile,West,189,25000,4725000,2023,8,9
2023-01-04,Laptop,West,143,60000,8580000,2023,1,4
2023-06-15,Mobile,East,26,25000,650000,2023,6,15
2024-12-28,Headphones,East,40,3000,120000,2024,12,28
2023-07-24,Tablet,West,116,18000,2088000,2023,7,24
2023-05-26,Smart Watch,West,71,5000,355000,2023,5,26
2023-08-29,Laptop,East,172,60000,10320000,2023,8,29
2023-06-22,Tablet,West,112,18000,2016000,2023,6,22
2024-01-16,Laptop,West,152,60000,9120000,2024,1,16
2024-06-16,Headphones,East,106,3000,318000,2024,6,16
2023-11-03,Tablet,East,86,18000,1548000,2023,11,3
2023-05-07,Headphones,North,102,3000,306000,2023,5,7
2024-08-22,Laptop,East,101,60000,6060000,2024,8,22
2023-10-30,Tablet,West,47,18000,846000,2023,10,30
2023-05-19,Tablet,East,10,18000,180000,2023,5,19
2024-10-08,Laptop,North,105,60000,6300000,2024,10,8
2024-12-13,Smart Watch,South,96,5000,480000,2024,12,13
2024-03-04,Tablet,North,111,18000,1998000,2024,3,4
2024-04-25,Headphones,East,169,3000,507000,2024,4,25
2023-02-20,Laptop,West,76,60000,4560000,2023,2,20
2024-10-02,Mobile,East,120,25000,3000000,2024,10,2
2024-11-10,Laptop,West,151,60000,9060000,2024,11,10
2023-12-22,Smart Watch,East,118,5000,590000,2023,12,22
2024-08-13,Laptop,East,28,60000,1680000,2024,8,13
2023-05-07,Smart Watch,North,198,5000,990000,2023,5,7
2024-12-19,Mobile,South,114,25000,2850000,2024,12,19
2024-03-08,Laptop,North,193,60000,11580000,2024,3,8
2024-11-15,Headphones,South,64,3000,192000,2024,11,15
2024-02-07,Smart Watch,South,173,5000,865000,2024,2,7
2024-10-20,Mobile,East,120,25000,3000000,2024,10,20
2024-04-22,Tablet,South,199,18000,3582000,2024,4,22
2024-12-11,Headphones,North,33,3000,99000,2024,12,11
2024-02-27,Headphones,West,102,3000,306000,2024,2,27
2023-05-13,Smart Watch,South,167,5000,835000,2023,5,13
2024-06-24,Mobile,East,163,25000,4075000,2024,6,24
2023-10-20,Tablet,South,124,18000,2232000,2023,10,20
2024-10-31,Tablet,East,131,18000,2358000,2024,10,31
2023-10-26,Smart Watch,North,130,5000,650000,2023,10,26
2024-05-15,Laptop,South,86,60000,5160000,2024,5,15
2024-04-07,Smart Watch,North,100,5000,500000,2024,4,7
2024-02-15,Headphones,West,147,3000,441000,2024,2,15
2023-09-26,Smart Watch,East,70,5000,350000,2023,9,26
2024-03-13,Smart Watch,East,50,5000,250000,2024,3,13
2024-04-14,Smart Watch,West,20,5000,100000,2024,4,14
2024-05-28,Mobile,North,140,25000,3500000,2024,5,28
2023-12-02,Tablet,West,96,18000,1728000,2023,12,2
2023-09-06,Mobile,West,162,25000,4050000,2023,9,6
2024-10-31,Mobile,South,148,25000,3700000,2024,10,31
2023-08-09,Laptop,South,32,60000,1920000,2023,8,9
2024-03-15,Headphones,West,29,3000,87000,2024,3,15
2024-05-28,Tablet,South,87,18000,1566000,2024,5,28
2023-08-29,Smart Watch,West,172,5000,860000,2023,8,29
2023-08-24,Mobile,South,40,25000,1000000,2023,8,24
2024-05-16,Mobile,West,30,25000,750000,2024,5,16
2023-08-22,Mobile,East,140,25000,3500000,2023,8,22
2024-02-20,Headphones,South,38,3000,114000,2024,2,20
2023-12-27,Headphones,East,183,3000,549000,2023,12,27
2023-06-11,Smart Watch,West,70,5000,350000,2023,6,11
2023-05-05,Tablet,West,117,18000,2106000,2023,5,5
2024-04-10,Tablet,South,30,18000,540000,2024,4,10
2024-05-08,Tablet,South,97,18000,1746000,2024,5,8
2024-06-05,Tablet,West,16,18000,288000,2024,6,5
2024-10-18,Laptop,West,123,60000,7380000,2024,10,18
2023-01-26,Tablet,West,42,18000,756000,2023,1,26
2023-03-03,Smart Watch,East,104,5000,520000,2023,3,3
2023-02-04,Laptop,West,85,60000,5100000,2023,2,4
2024-05-16,Laptop,East,34,60000,2040000,2024,5,16
2024-07-22,Headphones,East,86,3000,258000,2024,7,22
2024-08-26,Laptop,East,79,60000,4740000,2024,8,26
2023-05-16,Headphones,North,95,3000,285000,2023,5,16
2024-04-20,Headphones,West,13,3000,39000,2024,4,20
2024-09-29,Tablet,North,193,18000,3474000,2024,9,29
2023-04-15,Mobile,East,16,25000,400000,2023,4,15
2023-02-18,Laptop,West,96,60000,5760000,2023,2,18
2023-12-20,Tablet,South,170,18000,3060000,2023,12,20
2024-07-31,Smart Watch,East,96,5000,480000,2024,7,31
2024-07-06,Mobile,South,133,25000,3325000,2024,7,6
2023-02-11,Smart Watch,North,26,5000,130000,2023,2,11
2023-09-22,Mobile,West,45,25000,1125000,2023,9,22
2024-07-13,Tablet,North,128,18000,2304000,2024,7,13
2023-04-05,Mobile,West,77,25000,1925000,2023,4,5
2023-03-18,Headphones,South,15,3000,45000,2023,3,18
2024-02-14,Tablet,West,12,18000,216000,2024,2,14
2023-03-15,Smart Watch,West,74,5000,370000,2023,3,15
2023-11-28,Laptop,West,77,60000,4620000,2023,11,28
2024-10-29,Mobile,East,66,25000,1650000,2024,10,29
2023-08-16,Mobile,South,59,25000,1475000,2023,8,16
2024-06-09,Mobile,West,191,25000,4775000,2024,6,9
2024-03-02,Mobile,North,119,25000,2975000,2024,3,2
2023-10-05,Headphones,East,75,3000,225000,2023,10,5
2023-06-16,Laptop,West,156,60000,9360000,2023,6,16
2024-02-13,Mobile,East,126,25000,3150000,2024,2,13
2024-08-19,Tablet,East,114,18000,2052000,2024,8,19
2023-11-20,Laptop,East,167,60000,10020000,2023,11,20
2024-03-04,Tablet,South,130,18000,2340000,2024,3,4
2023-03-02,Headphones,East,107,3000,321000,2023,3,2
2024-01-28,Headphones,South,14,3000,42000,2024,1,28
2024-03-21,Smart Watch,West,95,5000,475000,2024,3,21
2023-05-13,Tablet,West,18,18000,324000,2023,5,13
2023-04-03,Tablet,South,134,18000,2412000,2023,4,3
2024-07-26,Tablet,South,143,18000,2574000,2024,7,26
2023-11-14,Laptop,North,131,60000,7860000,2023,11,14
2024-03-29,Tablet,West,196,18000,3528000,2024,3,29
2024-01-02,Laptop,East,60,60000,3600000,2024,1,2
2023-05-12,Tablet,West,41,18000,738000,2023,5,12
2024-01-11,Tablet,West,108,18000,1944000,2024,1,11
2023-02-03,Headphones,South,180,3000,540000,2023,2,3
2024-01-01,Tablet,North,28,18000,504000,2024,1,1
2023-08-14,Laptop,East,122,60000,7320000,2023,8,14
2023-10-24,Laptop,East,112,60000,6720000,2023,10,24
2023-02-23,Tablet,South,108,18000,1944000,2023,2,23
2023-12-15,Tablet,North,77,18000,1386000,2023,12,15
2024-06-23,Mobile,South,113,25000,2825000,2024,6,23
2024-09-22,Headphones,North,143,3000,429000,2024,9,22
2024-10-02,Laptop,East,94,60000,5640000,2024,10,2
2024-04-16,Laptop,East,192,60000,11520000,2024,4,16
2024-12-04,Laptop,East,92,60000,5520000,2024,12,4
2023-04-03,Smart Watch,South,65,5000,325000,2023,4,3
2023-09-25,Laptop,West,80,60000,4800000,2023,9,25
2024-06-12,Smart Watch,North,131,5000,655000,2024,6,12
2023-01-10,Headphones,South,26,3000,78000,2023,1,10
2023-11-02,Smart Watch,South,199,5000,995000,2023,11,2
2024-12-30,Laptop,South,166,60000,9960000,2024,12,30
2024-02-20,Tablet,West,143,18000,2574000,2024,2,20
2024-06-30,Laptop,South,174,60000,10440000,2024,6,30
2024-06-08,Mobile,North,99,25000,2475000,2024,6,8
2024-01-01,Laptop,West,10,60000,600000,2024,1,1
2023-11-15,Laptop,South,112,60000,6720000,2023,11,15
2023-09-23,Headphones,East,65,3000,195000,2023,9,23
2023-03-21,Smart Watch,North,21,5000,105000,2023,3,21
2024-02-05,Headphones,South,121,3000,363000,2024,2,5
2024-12-23,Mobile,East,21,25000,525000,2024,12,23
2023-10-25,Smart Watch,South,191,5000,955000,2023,10,25
2024-06-29,Smart Watch,East,24,5000,120000,2024,6,29
2024-04-18,Tablet,North,68,18000,1224000,2024,4,18
2023-09-08,Tablet,South,189,18000,3402000,2023,9,8
2024-12-19,Smart Watch,East,130,5000,650000,2024,12,19
2024-08-27,Smart Watch,East,78,5000,390000,2024,8,27
2024-03-21,Headphones,South,27,3000,81000,2024,3,21
2023-08-15,Laptop,South,123,60000,7380000,2023,8,15
2023-07-03,Mobile,North,71,25000,1775000,2023,7,3
2024-07-19,Smart Watch,East,46,5000,230000,2024,7,19
2023-10-20,Smart Watch,East,44,5000,220000,2023,10,20
2024-11-22,Headphones,West,27,3000,81000,2024,11,22
2023-09-01,Headphones,North,163,3000,489000,2023,9,1
2024-02-28,Laptop,West,144,60000,8640000,2024,2,28
2024-06-03,Smart Watch,West,135,5000,675000,2024,6,3
2023-06-08,Tablet,South,149,18000,2682000,2023,6,8
2023-06-25,Headphones,East,83,3000,249000,2023,6,25
2023-06-16,Headphones,West,110,3000,330000,2023,6,16
2023-10-31,Laptop,East,125,60000,7500000,2023,10,31
2023-07-01,Mobile,South,38,25000,950000,2023,7,1
2024-12-14,Smart Watch,North,109,5000,545000,2024,12,14
2024-11-18,Mobile,East,193,25000,4825000,2024,11,18
2023-04-05,Laptop,North,106,60000,6360000,2023,4,5
2023-09-22,Tablet,East,143,18000,2574000,2023,9,22
2024-09-17,Tablet,East,134,18000,2412000,2024,9,17
2024-12-16,Smart Watch,South,51,5000,255000,2024,12,16
2024-06-08,Headphones,East,94,3000,282000,2024,6,8
2024-04-02,Headphones,South,173,3000,519000,2024,4,2
2023-04-02,Smart Watch,North,149,5000,745000,2023,4,2
2024-11-10,Mobile,South,50,25000,1250000,2024,11,10
2024-09-09,Laptop,South,137,60000,8220000,2024,9,9
2023-12-08,Smart Watch,West,10,5000,50000,2023,12,8
2024-10-23,Tablet,East,168,18000,3024000,2024,10,23
2024-09-18,Tablet,East,179,18000,3222000,2024,9,18
2024-01-14,Mobile,South,150,25000,3750000,2024,1,14
2023-05-26,Tablet,South,96,18000,1728000,2023,5,26
2023-11-07,Laptop,East,67,60000,4020000,2023,11,7
2024-05-06,Tablet,West,135,18000,2430000,2024,5,6
2023-10-07,Laptop,South,174,60000,10440000,2023,10,7
2023-04-04,Smart Watch,East,190,5000,950000,2023,4,4
2023-12-02,Headphones,North,109,3000,327000,2023,12,2
2023-02-09,Smart Watch,South,118,5000,590000,2023,2,9
2023-06-19,Mobile,North,13,25000,325000,2023,6,19
2024-08-06,Tablet,North,123,18000,2214000,2024,8,6
2023-12-07,Laptop,South,116,60000,6960000,2023,12,7
2024-11-15,Tablet,West,126,18000,2268000,2024,11,15
2024-02-21,Headphones,West,80,3000,240000,2024,2,21
2024-02-22,Headphones,North,151,3000,453000,2024,2,22
2023-09-29,Tablet,West,82,18000,1476000,2023,9,29
2024-08-08,Laptop,West,137,60000,8220000,2024,8,8
2023-08-23,Laptop,North,166,60000,9960000,2023,8,23
2024-03-29,Tablet,North,33,18000,594000,2024,3,29
2024-04-17,Headphones,West,143,3000,429000,2024,4,17
2024-02-25,Smart Watch,West,101,5000,505000,2024,2,25
2023-06-15,Laptop,West,90,60000,5400000,2023,6,15
2024-02-02,Tablet,North,61,18000,1098000,2024,2,2
2024-11-27,Mobile,East,167,25000,4175000,2024,11,27
2024-09-01,Mobile,East,36,25000,900000,2024,9,1
2023-08-15,Tablet,South,86,18000,1548000,2023,8,15
2023-02-14,Tablet,East,149,18000,2682000,2023,2,14
2024-11-19,Headphones,South,181,3000,543000,2024,11,19
2024-08-26,Smart Watch,North,117,5000,585000,2024,8,26
2023-06-28,Smart Watch,South,33,5000,165000,2023,6,28
2023-01-19,Tablet,West,124,18000,2232000,2023,1,19
2023-04-22,Tablet,West,111,18000,1998000,2023,4,22
2024-11-10,Tablet,North,161,18000,2898000,2024,11,10
2023-10-31,Smart Watch,North,191,5000,955000,2023,10,31
2023-06-19,Smart Watch,North,23,5000,115000,2023,6,19
2024-10-30,Headphones,South,144,3000,432000,2024,10,30
2024-07-02,Smart Watch,South,47,5000,235000,2024,7,2
2024-11-29,Laptop,West,53,60000,3180000,2024,11,29
2024-06-30,Tablet,West,99,18000,1782000,2024,6,30
2023-11-04,Headphones,West,116,3000,348000,2023,11,4
2023-07-27,Laptop,East,151,60000,9060000,2023,7,27
2024-08-30,Mobile,East,132,25000,3300000,2024,8,30
2023-07-05,Headphones,West,60,3000,180000,2023,7,5
2023-01-05,Smart Watch,West,10,5000,50000,2023,1,5
2023-07-24,Tablet,North,17,18000,306000,2023,7,24
2024-02-13,Headphones,South,140,3000,420000,2024,2,13
2023-08-16,Tablet,West,71,18000,1278000,2023,8,16
2024-07-10,Laptop,West,34,60000,2040000,2024,7,10
2023-08-22,Smart Watch,West,183,5000,915000,2023,8,22
2023-05-22,Laptop,West,91,60000,5460000,2023,5,22
2023-05-15,Laptop,East,64,60000,3840000,2023,5,15
2023-05-21,Laptop,West,65,60000,3900000,2023,5,21
2024-06-10,Laptop,South,172,60000,10320000,2024,6,10
2023-03-29,Laptop,West,17,60000,1020000,2023,3,29
2024-04-21,Smart Watch,East,49,5000,245000,2024,4,21
2024-05-11,Tablet,North,62,18000,1116000,2024,5,11
2023-08-19,Tablet,East,89,18000,1602000,2023,8,19
2023-04-25,Laptop,West,27,60000,1620000,2023,4,25
2023-01-12,Headphones,North,196,3000,588000,2023,1,12
2024-08-27,Mobile,South,106,25000,2650000,2024,8,27
2023-10-30,Smart Watch,South,54,5000,270000,2023,10,30
2023-03-18,Headphones,North,33,3000,99000,2023,3,18
2023-01-15,Headphones,North,100,3000,300000,2023,1,15
2023-06-21,Smart Watch,East,131,5000,655000,2023,6,21
2024-08-10,Headphones,West,70,3000,210000,2024,8,10
2024-02-28,Smart Watch,North,135,5000,675000,2024,2,28
2023-06-04,Laptop,West,171,60000,10260000,2023,6,4
2023-03-09,Smart Watch,North,144,5000,720000,2023,3,9
2024-03-24,Laptop,East,60,60000,3600000,2024,3,24
2023-04-05,Mobile,South,132,25000,3300000,2023,4,5
2023-07-06,Smart Watch,North,126,5000,630000,2023,7,6
2024-07-25,Smart Watch,North,94,5000,470000,2024,7,25
2024-07-16,Mobile,East,193,25000,4825000,2024,7,16
2023-06-19,Smart Watch,West,57,5000,285000,2023,6,19
2024-01-16,Laptop,North,91,60000,5460000,2024,1,16
2023-04-09,Headphones,East,78,3000,234000,2023,4,9
2024-04-05,Tablet,West,71,18000,1278000,2024,4,5
2023-04-29,Smart Watch,North,143,5000,715000,2023,4,29
2024-03-30,Mobile,South,17,25000,425000,2024,3,30
2024-05-30,Smart Watch,East,158,5000,790000,2024,5,30
2024-05-02,Laptop,East,152,60000,9120000,2024,5,2
2024-07-08,Laptop,North,194,60000,11640000,2024,7,8
2024-07-07,Headphones,North,151,3000,453000,2024,7,7
2023-11-20,Smart Watch,West,43,5000,215000,2023,11,20
2023-03-17,Laptop,West,157,60000,9420000,2023,3,17
2024-12-09,Tablet,West,16,18000,288000,2024,12,9
2024-07-03,Headphones,East,183,3000,549000,2024,7,3
2024-01-31,Smart Watch,West,152,5000,760000,2024,1,31
2023-12-29,Laptop,North,24,60000,1440000,2023,12,29
2023-01-14,Mobile,West,24,25000,600000,2023,1,14
2023-08-22,Headphones,East,102,3000,306000,2023,8,22
2024-09-08,Smart Watch,West,72,5000,360000,2024,9,8
2023-06-30,Laptop,West,61,60000,3660000,2023,6,30
2023-02-12,Smart Watch,South,13,5000,65000,2023,2,12
2023-07-16,Smart Watch,East,89,5000,445000,2023,7,16
2024-07-06,Headphones,East,11,3000,33000,2024,7,6
2024-12-07,Mobile,North,52,25000,1300000,2024,12,7
2024-09-11,Smart Watch,North,165,5000,825000,2024,9,11
2024-06-21,Mobile,East,140,25000,3500000,2024,6,21
2023-11-25,Headphones,West,58,3000,174000,2023,11,25
2023-03-04,Mobile,North,114,25000,2850000,2023,3,4
2023-01-15,Tablet,East,165,18000,2970000,2023,1,15
2023-09-16,Headphones,West,168,3000,504000,2023,9,16
2023-02-14,Tablet,North,84,18000,1512000,2023,2,14
2023-06-14,Laptop,North,154,60000,9240000,2023,6,14
2024-01-09,Laptop,East,35,60000,2100000,2024,1,9
2024-11-23,Mobile,East,39,25000,975000,2024,11,23
2023-09-23,Headphones,North,73,3000,219000,2023,9,23
2024-02-03,Tablet,North,193,18000,3474000,2024,2,3
2023-11-26,Headphones,North,56,3000,168000,2023,11,26
2024-08-21,Smart Watch,North,138,5000,690000,2024,8,21
2023-11-10,Tablet,South,81,18000,1458000,2023,11,10
2024-04-30,Headphones,South,36,3000,108000,2024,4,30
2023-01-29,Smart Watch,North,138,5000,690000,2023,1,29
2023-03-01,Tablet,West,194,18000,3492000,2023,3,1
2024-10-19,Headphones,West,43,3000,129000,2024,10,19
2023-04-06,Smart Watch,North,69,5000,345000,2023,4,6
2023-08-19,Tablet,South,120,18000,2160000,2023,8,19
2023-08-22,Smart Watch,North,175,5000,875000,2023,8,22
2023-05-08,Smart Watch,South,44,5000,220000,2023,5,8
2024-09-10,Tablet,East,147,18000,2646000,2024,9,10
2024-04-19,Tablet,East,99,18000,1782000,2024,4,19
2023-10-07,Smart Watch,West,110,5000,550000,2023,10,7
2023-05-12,Smart Watch,North,194,5000,970000,2023,5,12
2023-04-08,Smart Watch,West,10,5000,50000,2023,4,8
2024-07-25,Mobile,West,158,25000,3950000,2024,7,25
2024-01-30,Headphones,East,195,3000,585000,2024,1,30
2024-09-11,Headphones,South,171,3000,513000,2024,9,11
2023-09-10,Headphones,West,125,3000,375000,2023,9,10
2024-04-18,Mobile,North,44,25000,1100000,2024,4,18
2024-04-11,Tablet,East,190,18000,3420000,2024,4,11
2023-08-31,Mobile,East,175,25000,4375000,2023,8,31
2024-06-24,Mobile,South,37,25000,925000,2024,6,24
2023-01-26,Mobile,East,13,25000,325000,2023,1,26
2023-11-07,Mobile,East,144,25000,3600000,2023,11,7
2023-02-24,Mobile,East,165,25000,4125000,2023,2,24
2024-10-29,Tablet,North,96,18000,1728000,2024,10,29
2023-01-20,Smart Watch,North,52,5000,260000,2023,1,20
2024-02-05,Mobile,West,13,25000,325000,2024,2,5
2024-06-17,Smart Watch,East,43,5000,215000,2024,6,17
2023-12-19,Headphones,South,49,3000,147000,2023,12,19
2023-12-19,Headphones,South,165,3000,495000,2023,12,19
2023-03-15,Laptop,South,76,60000,4560000,2023,3,15
2024-03-30,Headphones,West,85,3000,255000,2024,3,30
2023-12-14,Laptop,South,95,60000,5700000,2023,12,14
2023-04-12,Laptop,North,117,60000,7020000,2023,4,12
2023-06-14,Smart Watch,East,88,5000,440000,2023,6,14
2023-03-27,Tablet,West,110,18000,1980000,2023,3,27
2023-12-30,Headphones,South,57,3000,171000,2023,12,30
2023-04-27,Tablet,South,156,18000,2808000,2023,4,27
2024-06-28,Headphones,North,174,3000,522000,2024,6,28
2024-01-03,Laptop,West,90,60000,5400000,2024,1,3
2023-10-13,Headphones,West,21,3000,63000,2023,10,13
2023-05-01,Laptop,West,161,60000,9660000,2023,5,1
2024-10-25,Mobile,West,148,25000,3700000,2024,10,25
2023-01-13,Tablet,West,83,18000,1494000,2023,1,13
2024-03-31,Headphones,West,82,3000,246000,2024,3,31
2023-03-12,Headphones,South,130,3000,390000,2023,3,12
2023-02-12,Smart Watch,North,120,5000,600000,2023,2,12
2024-06-18,Mobile,North,124,25000,3100000,2024,6,18
2024-04-04,Laptop,West,173,60000,10380000,2024,4,4
2023-11-21,Tablet,North,184,18000,3312000,2023,11,21
2024-05-28,Headphones,North,87,3000,261000,2024,5,28
2023-10-11,Tablet,South,76,18000,1368000,2023,10,11
2024-02-24,Laptop,South,57,60000,3420000,2024,2,24
2024-07-12,Smart Watch,South,101,5000,505000,2024,7,12
2023-06-08,Laptop,West,163,60000,9780000,2023,6,8
2023-08-23,Smart Watch,North,174,5000,870000,2023,8,23
2024-08-11,Smart Watch,South,146,5000,730000,2024,8,11
2023-02-16,Smart Watch,East,68,5000,340000,2023,2,16
2024-07-19,Headphones,West,15,3000,45000,2024,7,19
2023-05-24,Mobile,North,82,25000,2050000,2023,5,24
2024-11-16,Headphones,East,115,3000,345000,2024,11,16
2023-08-10,Headphones,West,35,3000,105000,2023,8,10
2024-07-18,Smart Watch,North,28,5000,140000,2024,7,18
2024-01-27,Smart Watch,South,172,5000,860000,2024,1,27
2023-11-05,Tablet,West,195,18000,3510000,2023,11,5
2023-09-18,Laptop,West,111,60000,6660000,2023,9,18
2023-08-12,Headphones,West,121,3000,363000,2023,8,12
2024-09-23,Mobile,West,120,25000,3000000,2024,9,23
2023-07-29,Laptop,South,102,60000,6120000,2023,7,29
2023-08-09,Tablet,West,15,18000,270000,2023,8,9
2023-12-30,Mobile,South,119,25000,2975000,2023,12,30
2024-03-31,Headphones,South,23,3000,69000,2024,3,31
2023-05-13,Laptop,West,43,60000,2580000,2023,5,13
2023-07-27,Smart Watch,East,89,5000,445000,2023,7,27
2024-08-05,Tablet,South,87,18000,1566000,2024,8,5
2023-06-21,Laptop,North,53,60000,3180000,2023,6,21
2024-02-24,Tablet,East,33,18000,594000,2024,2,24
2024-12-26,Mobile,West,41,25000,1025000,2024,12,26
2023-02-14,Smart Watch,South,62,5000,310000,2023,2,14
2024-03-10,Headphones,West,36,3000,108000,2024,3,10
2023-06-15,Mobile,East,118,25000,2950000,2023,6,15
2023-04-13,Smart Watch,North,113,5000,565000,2023,4,13
2023-09-02,Laptop,North,125,60000,7500000,2023,9,2
2024-10-14,Mobile,West,134,25000,3350000,2024,10,14
2024-06-20,Mobile,West,109,25000,2725000,2024,6,20
2024-02-06,Smart Watch,East,179,5000,895000,2024,2,6
2023-09-11,Laptop,West,158,60000,9480000,2023,9,11
2023-02-06,Laptop,South,22,60000,1320000,2023,2,6
2023-07-02,Laptop,North,97,60000,5820000,2023,7,2
2024-04-06,Smart Watch,East,183,5000,915000,2024,4,6
2024-08-28,Tablet,South,35,18000,630000,2024,8,28
2023-02-15,Headphones,South,23,3000,69000,2023,2,15
2024-08-19,Tablet,West,134,18000,2412000,2024,8,19
2023-06-06,Mobile,East,86,25000,2150000,2023,6,6
2024-11-17,Mobile,North,84,25000,2100000,2024,11,17
2023-09-07,Tablet,East,68,18000,1224000,2023,9,7
2023-08-27,Mobile,East,104,25000,2600000,2023,8,27
2024-10-14,Laptop,North,115,60000,6900000,2024,10,14
2023-04-07,Headphones,South,129,3000,387000,2023,4,7
2024-01-25,Headphones,North,152,3000,456000,2024,1,25
2023-09-17,Headphones,South,171,3000,513000,2023,9,17
2024-04-19,Headphones,East,125,3000,375000,2024,4,19
2024-06-04,Laptop,West,87,60000,5220000,2024,6,4
2024-11-03,Smart Watch,East,85,5000,425000,2024,11,3
2024-10-14,Tablet,West,93,18000,1674000,2024,10,14
2024-03-09,Tablet,West,132,18000,2376000,2024,3,9
2023-03-19,Smart Watch,West,149,5000,745000,2023,3,19
2024-07-06,Mobile,South,11,25000,275000,2024,7,6
2023-12-26,Mobile,West,113,25000,2825000,2023,12,26
2023-04-05,Laptop,North,70,60000,4200000,2023,4,5
2024-04-24,Headphones,North,22,3000,66000,2024,4,24
2023-05-27,Headphones,West,98,3000,294000,2023,5,27
2023-04-05,Tablet,North,34,18000,612000,2023,4,5
2023-09-29,Laptop,South,180,60000,10800000,2023,9,29
2023-03-28,Laptop,East,135,60000,8100000,2023,3,28
2024-05-05,Headphones,North,109,3000,327000,2024,5,5
2023-04-13,Mobile,South,72,25000,1800000,2023,4,13
2023-10-21,Mobile,South,189,25000,4725000,2023,10,21
2023-02-09,Smart Watch,West,113,5000,565000,2023,2,9
2024-06-29,Headphones,East,197,3000,591000,2024,6,29
2024-04-27,Smart Watch,East,188,5000,940000,2024,4,27
2024-08-20,Smart Watch,East,22,5000,110000,2024,8,20
2024-06-23,Mobile,West,71,25000,1775000,2024,6,23
2023-12-09,Mobile,East,175,25000,4375000,2023,12,9
2023-10-20,Smart Watch,West,179,5000,895000,2023,10,20
2024-08-20,Smart Watch,West,187,5000,935000,2024,8,20
2024-05-16,Headphones,East,132,3000,396000,2024,5,16
2023-07-20,Tablet,South,190,18000,3420000,2023,7,20
2024-02-13,Laptop,North,122,60000,7320000,2024,2,13
2023-05-17,Tablet,East,186,18000,3348000,2023,5,17
2024-08-02,Smart Watch,East,74,5000,370000,2024,8,2
2024-06-15,Laptop,North,109,60000,6540000,2024,6,15
2023-09-09,Smart Watch,East,145,5000,725000,2023,9,9
2024-02-16,Smart Watch,East,129,5000,645000,2024,2,16
2024-12-20,Mobile,East,40,25000,1000000,2024,12,20
2023-01-12,Headphones,East,87,3000,261000,2023,1,12
2024-03-10,Headphones,West,59,3000,177000,2024,3,10
2024-01-08,Laptop,East,138,60000,8280000,2024,1,8
2024-11-21,Smart Watch,West,96,5000,480000,2024,11,21
2023-11-15,Headphones,North,94,3000,282000,2023,11,15
2024-09-12,Laptop,West,150,60000,9000000,2024,9,12
2023-06-29,Mobile,West,174,25000,4350000,2023,6,29
2024-08-13,Headphones,North,122,3000,366000,2024,8,13
2023-05-01,Mobile,South,26,25000,650000,2023,5,1
2024-05-10,Laptop,North,29,60000,1740000,2024,5,10
2023-11-11,Smart Watch,East,170,5000,850000,2023,11,11
2024-09-05,Laptop,North,92,60000,5520000,2024,9,5
2024-01-20,Smart Watch,South,164,5000,820000,2024,1,20
2024-03-29,Tablet,South,106,18000,1908000,2024,3,29
2023-12-16,Tablet,East,147,18000,2646000,2023,12,16
2023-02-20,Tablet,East,96,18000,1728000,2023,2,20
2023-03-09,Headphones,East,51,3000,153000,2023,3,9
2023-02-26,Mobile,West,175,25000,4375000,2023,2,26
2023-03-03,Smart Watch,East,187,5000,935000,2023,3,3
2023-01-26,Mobile,South,28,25000,700000,2023,1,26
2023-11-13,Headphones,South,59,3000,177000,2023,11,13
2024-04-08,Laptop,South,150,60000,9000000,2024,4,8
2024-01-31,Mobile,North,167,25000,4175000,2024,1,31
2023-09-21,Smart Watch,South,27,5000,135000,2023,9,21
2024-12-06,Headphones,North,63,3000,189000,2024,12,6
2023-01-26,Smart Watch,South,109,5000,545000,2023,1,26
2023-01-26,Mobile,West,147,25000,3675000,2023,1,26
2024-11-25,Tablet,South,63,18000,1134000,2024,11,25
2024-04-06,Laptop,North,155,60000,9300000,2024,4,6
2024-02-11,Tablet,East,152,18000,2736000,2024,2,11
2023-02-22,Headphones,West,25,3000,75000,2023,2,22
2023-12-26,Mobile,South,150,25000,3750000,2023,12,26
2024-09-11,Tablet,North,43,18000,774000,2024,9,11
2023-07-28,Tablet,North,174,18000,3132000,2023,7,28
2024-03-02,Tablet,West,161,18000,2898000,2024,3,2
2023-10-17,Headphones,East,106,3000,318000,2023,10,17
2024-01-12,Smart Watch,East,111,5000,555000,2024,1,12
2024-08-30,Smart Watch,South,56,5000,280000,2024,8,30
2024-01-24,Laptop,North,127,60000,7620000,2024,1,24
2023-01-05,Headphones,West,30,3000,90000,2023,1,5
2024-10-25,Headphones,South,30,3000,90000,2024,10,25
2024-01-29,Smart Watch,North,125,5000,625000,2024,1,29
2024-11-30,Laptop,East,137,60000,8220000,2024,11,30
2023-05-30,Headphones,South,129,3000,387000,2023,5,30
2024-08-04,Headphones,East,108,3000,324000,2024,8,4
2023-06-16,Mobile,East,79,25000,1975000,2023,6,16
2024-05-28,Laptop,North,74,60000,4440000,2024,5,28
2023-11-22,Smart Watch,North,118,5000,590000,2023,11,22
2023-09-04,Mobile,North,21,25000,525000,2023,9,4
2024-09-06,Tablet,West,74,18000,1332000,2024,9,6
2023-03-03,Headphones,East,196,3000,588000,2023,3,3
2024-10-09,Headphones,East,11,3000,33000,2024,10,9
2023-09-10,Laptop,East,182,60000,10920000,2023,9,10
2023-06-09,Laptop,South,20,60000,1200000,2023,6,9
2023-05-18,Tablet,South,64,18000,1152000,2023,5,18
2024-12-21,Laptop,West,142,60000,8520000,2024,12,21
2024-11-30,Headphones,South,183,3000,549000,2024,11,30
2024-02-16,Laptop,East,163,60000,9780000,2024,2,16
2024-11-25,Mobile,West,38,25000,950000,2024,11,25
2023-01-27,Mobile,West,69,25000,1725000,2023,1,27
2023-07-21,Mobile,South,78,25000,1950000,2023,7,21
2024-01-05,Smart Watch,West,111,5000,555000,2024,1,5
2024-08-29,Laptop,North,134,60000,8040000,2024,8,29
2023-08-24,Mobile,South,29,25000,725000,2023,8,24
2023-12-19,Headphones,North,84,3000,252000,2023,12,19
2024-09-28,Mobile,East,14,25000,350000,2024,9,28
2023-08-05,Laptop,West,46,60000,2760000,2023,8,5
2023-06-11,Laptop,South,155,60000,9300000,2023,6,11
2024-04-06,Tablet,South,49,18000,882000,2024,4,6
2023-09-30,Headphones,East,102,3000,306000,2023,9,30
2023-02-11,Laptop,East,116,60000,6960000,2023,2,11
2023-11-24,Laptop,North,62,60000,3720000,2023,11,24
2024-04-28,Smart Watch,West,37,5000,185000,2024,4,28
2023-03-03,Tablet,North,29,18000,522000,2023,3,3
2023-01-03,Smart Watch,South,152,5000,760000,2023,1,3
2023-11-03,Smart Watch,West,12,5000,60000,2023,11,3
2023-07-12,Laptop,East,114,60000,6840000,2023,7,12
2023-04-28,Mobile,North,193,25000,4825000,2023,4,28
2023-02-03,Laptop,South,129,60000,7740000,2023,2,3
2024-09-18,Smart Watch,North,178,5000,890000,2024,9,18
2023-03-30,Headphones,West,189,3000,567000,2023,3,30
2024-06-05,Headphones,North,135,3000,405000,2024,6,5
2023-05-14,Tablet,West,149,18000,2682000,2023,5,14
2023-11-14,Headphones,West,76,3000,228000,2023,11,14
2024-11-16,Laptop,South,104,60000,6240000,2024,11,16
2023-05-23,Headphones,South,121,3000,363000,2023,5,23
2024-12-18,Tablet,North,119,18000,2142000,2024,12,18
2024-01-05,Tablet,South,95,18000,1710000,2024,1,5
2024-04-04,Smart Watch,South,170,5000,850000,2024,4,4
2024-02-01,Tablet,East,41,18000,738000,2024,2,1
2024-04-03,Tablet,East,79,18000,1422000,2024,4,3
2023-06-17,Smart Watch,West,199,5000,995000,2023,6,17
2024-05-04,Tablet,West,42,18000,756000,2024,5,4
2024-12-17,Headphones,South,156,3000,468000,2024,12,17
2023-01-11,Headphones,East,50,3000,150000,2023,1,11
2024-02-13,Mobile,East,12,25000,300000,2024,2,13
2023-03-25,Headphones,East,185,3000,555000,2023,3,25
2024-12-07,Mobile,West,116,25000,2900000,2024,12,7
2024-02-28,Headphones,East,105,3000,315000,2024,2,28
2024-01-15,Tablet,North,123,18000,2214000,2024,1,15
2023-01-13,Tablet,East,165,18000,2970000,2023,1,13
2024-02-09,Mobile,East,197,25000,4925000,2024,2,9
2024-09-28,Smart Watch,North,23,5000,115000,2024,9,28
2023-12-13,Headphones,West,32,3000,96000,2023,12,13
2024-04-23,Headphones,North,184,3000,552000,2024,4,23
2024-06-25,Tablet,South,47,18000,846000,2024,6,25
2024-08-17,Tablet,North,113,18000,2034000,2024,8,17
2024-04-30,Headphones,East,24,3000,72000,2024,4,30
2023-09-16,Mobile,East,129,25000,3225000,2023,9,16
2023-05-08,Tablet,East,185,18000,3330000,2023,5,8
2024-10-06,Smart Watch,West,23,5000,115000,2024,10,6
2023-02-19,Mobile,West,78,25000,1950000,2023,2,19
2024-01-26,Smart Watch,West,114,5000,570000,2024,1,26
2023-05-12,Headphones,West,26,3000,78000,2023,5,12
2024-09-14,Headphones,South,89,3000,267000,2024,9,14
2023-12-15,Headphones,South,110,3000,330000,2023,12,15
2023-11-14,Laptop,West,19,60000,1140000,2023,11,14
2023-08-21,Headphones,North,13,3000,39000,2023,8,21
2023-02-13,Mobile,East,123,25000,3075000,2023,2,13
2024-02-01,Mobile,North,30,25000,750000,2024,2,1
2024-04-08,Laptop,North,79,60000,4740000,2024,4,8
2023-03-08,Headphones,West,170,3000,510000,2023,3,8
2024-07-01,Laptop,East,158,60000,9480000,2024,7,1
2023-01-27,Tablet,West,110,18000,1980000,2023,1,27
2024-12-02,Mobile,South,149,25000,3725000,2024,12,2
2023-10-05,Laptop,East,116,60000,6960000,2023,10,5
2024-08-02,Smart Watch,South,105,5000,525000,2024,8,2
2024-01-30,Laptop,North,51,60000,3060000,2024,1,30
2023-06-29,Smart Watch,East,193,5000,965000,2023,6,29
2023-12-03,Tablet,North,36,18000,648000,2023,12,3
2024-10-19,Tablet,South,25,18000,450000,2024,10,19
2023-01-05,Mobile,East,127,25000,3175000,2023,1,5
2024-08-15,Tablet,East,59,18000,1062000,2024,8,15
2024-10-15,Laptop,East,100,60000,6000000,2024,10,15
2023-10-12,Laptop,North,142,60000,8520000,2023,10,12
2023-08-09,Headphones,North,79,3000,237000,2023,8,9
2023-03-11,Tablet,West,65,18000,1170000,2023,3,11
2024-03-18,Laptop,North,140,60000,8400000,2024,3,18
2023-08-06,Tablet,East,109,18000,1962000,2023,8,6
2023-05-09,Laptop,North,153,60000,9180000,2023,5,9
2023-02-20,Tablet,South,113,18000,2034000,2023,2,20
2024-07-20,Laptop,South,165,60000,9900000,2024,7,20
2024-07-18,Mobile,North,197,25000,4925000,2024,7,18
2024-11-29,Headphones,South,17,3000,51000,2024,11,29
2024-12-23,Laptop,South,94,60000,5640000,2024,12,23
2024-10-25,Headphones,West,187,3000,561000,2024,10,25
2023-03-07,Smart Watch,West,115,5000,575000,2023,3,7
2023-04-06,Headphones,West,48,3000,144000,2023,4,6
2023-06-17,Mobile,East,113,25000,2825000,2023,6,17
2023-07-23,Mobile,West,52,25000,1300000,2023,7,23
2023-04-20,Tablet,South,109,18000,1962000,2023,4,20
2023-02-18,Tablet,East,146,18000,2628000,2023,2,18
2024-05-17,Laptop,East,80,60000,4800000,2024,5,17
2024-06-02,Tablet,North,147,18000,2646000,2024,6,2
2023-08-01,Smart Watch,South,110,5000,550000,2023,8,1
2024-08-21,Laptop,East,112,60000,6720000,2024,8,21
2023-09-06,Tablet,South,122,18000,2196000,2023,9,6
2024-05-30,Tablet,South,12,18000,216000,2024,5,30
2024-08-25,Tablet,West,90,18000,1620000,2024,8,25
2023-05-18,Laptop,South,103,60000,6180000,2023,5,18
2023-05-06,Laptop,North,109,60000,6540000,2023,5,6
2023-11-05,Headphones,North,63,3000,189000,2023,11,5
2023-01-20,Laptop,North,144,60000,8640000,2023,1,20
2024-06-24,Smart Watch,North,12,5000,60000,2024,6,24
2023-01-16,Smart Watch,East,142,5000,710000,2023,1,16
2023-11-08,Mobile,East,41,25000,1025000,2023,11,8
2023-11-01,Smart Watch,South,34,5000,170000,2023,11,1
2023-11-12,Tablet,North,165,18000,2970000,2023,11,12
2023-10-03,Mobile,North,197,25000,4925000,2023,10,3
2024-03-02,Laptop,North,63,60000,3780000,2024,3,2
2024-12-21,Smart Watch,South,46,5000,230000,2024,12,21
2023-10-31,Headphones,South,191,3000,573000,2023,10,31
2023-04-22,Mobile,East,87,25000,2175000,2023,4,22
2023-10-06,Headphones,North,56,3000,168000,2023,10,6
2024-07-09,Laptop,West,163,60000,9780000,2024,7,9
2023-06-30,Headphones,North,45,3000,135000,2023,6,30
2023-06-17,Tablet,West,197,18000,3546000,2023,6,17
2023-09-10,Headphones,South,162,3000,486000,2023,9,10
2023-01-31,Smart Watch,East,90,5000,450000,2023,1,31
2023-10-16,Mobile,South,158,25000,3950000,2023,10,16
2024-07-01,Laptop,West,77,60000,4620000,2024,7,1
2023-05-12,Laptop,North,39,60000,2340000,2023,5,12
2024-09-18,Smart Watch,West,78,5000,390000,2024,9,18
2024-05-23,Smart Watch,East,25,5000,125000,2024,5,23
2024-06-17,Smart Watch,West,57,5000,285000,2024,6,17
2024-03-21,Laptop,East,197,60000,11820000,2024,3,21
2023-08-18,Tablet,West,142,18000,2556000,2023,8,18
2024-12-20,Tablet,North,18,18000,324000,2024,12,20
2023-12-04,Smart Watch,South,184,5000,920000,2023,12,4
2023-06-01,Headphones,South,82,3000,246000,2023,6,1
2023-06-12,Laptop,South,25,60000,1500000,2023,6,12
2023-10-23,Headphones,East,29,3000,87000,2023,10,23
2023-08-27,Smart Watch,North,15,5000,75000,2023,8,27
2023-08-08,Tablet,South,186,18000,3348000,2023,8,8
2024-01-21,Tablet,East,127,18000,2286000,2024,1,21
2024-02-09,Smart Watch,East,91,5000,455000,2024,2,9
2024-07-19,Headphones,North,174,3000,522000,2024,7,19
2023-10-21,Mobile,North,111,25000,2775000,2023,10,21
2024-11-13,Smart Watch,West,91,5000,455000,2024,11,13
2024-12-21,Laptop,North,93,60000,5580000,2024,12,21
2024-06-05,Smart Watch,West,199,5000,995000,2024,6,5
2024-09-19,Mobile,North,181,25000,4525000,2024,9,19
2024-07-12,Tablet,South,62,18000,1116000,2024,7,12
2024-12-30,Headphones,North,53,3000,159000,2024,12,30
2023-06-05,Mobile,North,66,25000,1650000,2023,6,5
2024-07-22,Mobile,East,67,25000,1675000,2024,7,22
2023-09-11,Headphones,North,166,3000,498000,2023,9,11
2023-02-04,Tablet,West,42,18000,756000,2023,2,4
2024-01-06,Tablet,North,87,18000,1566000,2024,1,6
2023-10-31,Tablet,North,173,18000,3114000,2023,10,31
2024-04-24,Headphones,West,197,3000,591000,2024,4,24
2023-07-10,Smart Watch,East,128,5000,640000,2023,7,10
2023-03-27,Mobile,South,85,25000,2125000,2023,3,27
2024-06-14,Laptop,East,155,60000,9300000,2024,6,14
2024-01-17,Mobile,North,102,25000,2550000,2024,1,17
2024-03-01,Headphones,South,115,3000,345000,2024,3,1
2023-05-13,Mobile,North,67,25000,1675000,2023,5,13
2024-08-13,Headphones,West,168,3000,504000,2024,8,13
2023-09-25,Smart Watch,South,199,5000,995000,2023,9,25
2024-08-25,Headphones,South,42,3000,126000,2024,8,25
2024-02-14,Mobile,West,177,25000,4425000,2024,2,14
2023-07-12,Tablet,East,123,18000,2214000,2023,7,12
2024-06-06,Mobile,North,181,25000,4525000,2024,6,6
2023-09-29,Mobile,South,184,25000,4600000,2023,9,29
2023-07-28,Mobile,East,195,25000,4875000,2023,7,28
2024-07-27,Smart Watch,West,143,5000,715000,2024,7,27
2023-06-20,Smart Watch,North,27,5000,135000,2023,6,20
2024-05-16,Headphones,West,36,3000,108000,2024,5,16
2023-03-09,Smart Watch,South,75,5000,375000,2023,3,9
2024-11-10,Mobile,North,111,25000,2775000,2024,11,10
2023-08-25,Mobile,North,71,25000,1775000,2023,8,25
2024-01-11,Tablet,North,85,18000,1530000,2024,1,11
2023-01-09,Headphones,East,33,3000,99000,2023,1,9
2024-09-21,Mobile,East,70,25000,1750000,2024,9,21
2024-01-24,Mobile,West,60,25000,1500000,2024,1,24
2024-07-17,Mobile,East,17,25000,425000,2024,7,17
2024-01-04,Smart Watch,West,37,5000,185000,2024,1,4
2024-01-10,Tablet,East,171,18000,3078000,2024,1,10
2023-12-23,Mobile,North,33,25000,825000,2023,12,23
2024-07-04,Headphones,North,103,3000,309000,2024,7,4
2024-03-06,Tablet,West,130,18000,2340000,2024,3,6
2024-06-08,Smart Watch,East,169,5000,845000,2024,6,8
2023-06-12,Tablet,South,185,18000,3330000,2023,6,12
2023-12-03,Tablet,West,182,18000,3276000,2023,12,3
2023-03-05,Smart Watch,South,75,5000,375000,2023,3,5
2024-07-10,Mobile,East,12,25000,300000,2024,7,10
2024-12-17,Mobile,East,177,25000,4425000,2024,12,17
2023-06-27,Tablet,West,97,18000,1746000,2023,6,27
2023-01-17,Mobile,South,181,25000,4525000,2023,1,17
2023-07-13,Smart Watch,East,129,5000,645000,2023,7,13
2023-02-04,Laptop,North,16,60000,960000,2023,2,4
2023-08-09,Smart Watch,North,32,5000,160000,2023,8,9
2023-12-19,Headphones,South,185,3000,555000,2023,12,19
2024-06-05,Smart Watch,West,184,5000,920000,2024,6,5
2023-10-22,Mobile,East,75,25000,1875000,2023,10,22
2024-06-01,Smart Watch,North,83,5000,415000,2024,6,1
2023-02-05,Tablet,East,179,18000,3222000,2023,2,5
2023-02-13,Tablet,North,69,18000,1242000,2023,2,13
2024-04-14,Smart Watch,East,92,5000,460000,2024,4,14
2024-03-29,Smart Watch,East,86,5000,430000,2024,3,29
2024-05-21,Mobile,South,30,25000,750000,2024,5,21
2023-08-16,Mobile,East,117,25000,2925000,2023,8,16
2024-02-18,Tablet,East,157,18000,2826000,2024,2,18
2024-07-15,Smart Watch,North,141,5000,705000,2024,7,15
2024-05-19,Headphones,West,22,3000,66000,2024,5,19
2023-01-03,Mobile,South,184,25000,4600000,2023,1,3
2024-01-20,Mobile,West,44,25000,1100000,2024,1,20
2023-01-14,Tablet,North,184,18000,3312000,2023,1,14
2023-11-02,Smart Watch,South,12,5000,60000,2023,11,2
2024-11-21,Headphones,West,60,3000,180000,2024,11,21
2024-05-09,Laptop,East,126,60000,7560000,2024,5,9
2024-09-19,Headphones,West,148,3000,444000,2024,9,19
2023-05-22,Headphones,North,19,3000,57000,2023,5,22
2024-10-25,Smart Watch,South,27,5000,135000,2024,10,25
2024-08-20,Laptop,North,137,60000,8220000,2024,8,20
2024-09-07,Mobile,North,187,25000,4675000,2024,9,7
2023-01-06,Smart Watch,East,45,5000,225000,2023,1,6
2023-11-23,Headphones,North,148,3000,444000,2023,11,23
2023-10-27,Smart Watch,North,83,5000,415000,2023,10,27
2023-02-19,Smart Watch,West,119,5000,595000,2023,2,19
2024-12-09,Mobile,West,97,25000,2425000,2024,12,9
2024-06-21,Headphones,West,21,3000,63000,2024,6,21
2023-03-16,Tablet,East,199,18000,3582000,2023,3,16
2023-10-02,Mobile,West,180,25000,4500000,2023,10,2
2024-04-29,Laptop,East,140,60000,8400000,2024,4,29
2023-05-06,Headphones,West,181,3000,543000,2023,5,6
2023-08-05,Smart Watch,West,51,5000,255000,2023,8,5
2023-07-01,Smart Watch,North,85,5000,425000,2023,7,1
2023-06-14,Mobile,West,139,25000,3475000,2023,6,14
2023-08-15,Mobile,West,111,25000,2775000,2023,8,15
2023-07-23,Tablet,South,71,18000,1278000,2023,7,23
2023-09-14,Laptop,West,18,60000,1080000,2023,9,14
2023-07-20,Tablet,East,146,18000,2628000,2023,7,20
2024-10-13,Laptop,East,75,60000,4500000,2024,10,13
2023-11-27,Tablet,West,192,18000,3456000,2023,11,27
2024-04-24,Smart Watch,West,176,5000,880000,2024,4,24
2023-12-21,Mobile,North,116,25000,2900000,2023,12,21
2023-10-17,Laptop,North,129,60000,7740000,2023,10,17
2023-05-27,Mobile,West,151,25000,3775000,2023,5,27
2023-04-13,Headphones,North,132,3000,396000,2023,4,13
2023-07-28,Smart Watch,West,146,5000,730000,2023,7,28
2023-04-19,Laptop,West,59,60000,3540000,2023,4,19
2023-04-15,Headphones,North,36,3000,108000,2023,4,15
2023-09-30,Laptop,North,93,60000,5580000,2023,9,30
2023-10-28,Mobile,West,54,25000,1350000,2023,10,28
2023-09-22,Headphones,South,69,3000,207000,2023,9,22
2023-01-01,Headphones,North,14,3000,42000,2023,1,1
2023-03-04,Tablet,West,74,18000,1332000,2023,3,4
2023-07-20,Headphones,South,34,3000,102000,2023,7,20
2023-07-21,Tablet,East,144,18000,2592000,2023,7,21
2023-08-22,Smart Watch,West,52,5000,260000,2023,8,22
2023-02-26,Headphones,West,151,3000,453000,2023,2,26
2024-12-22,Tablet,West,115,18000,2070000,2024,12,22
2023-06-14,Headphones,North,76,3000,228000,2023,6,14
2023-03-31,Headphones,South,88,3000,264000,2023,3,31
2024-08-30,Smart Watch,South,135,5000,675000,2024,8,30
2023-09-03,Tablet,North,125,18000,2250000,2023,9,3
2024-03-10,Mobile,South,181,25000,4525000,2024,3,10
2023-01-16,Laptop,West,139,60000,8340000,2023,1,16
2023-02-25,Headphones,North,14,3000,42000,2023,2,25
2024-09-09,Smart Watch,West,22,5000,110000,2024,9,9
2024-02-04,Laptop,South,73,60000,4380000,2024,2,4
2023-02-01,Tablet,East,195,18000,3510000,2023,2,1
2023-06-23,Headphones,South,72,3000,216000,2023,6,23
2023-03-17,Headphones,North,126,3000,378000,2023,3,17
2023-03-22,Laptop,West,192,60000,11520000,2023,3,22
2024-11-27,Mobile,West,80,25000,2000000,2024,11,27
2024-10-27,Smart Watch,West,80,5000,400000,2024,10,27
2023-02-15,Smart Watch,South,139,5000,695000,2023,2,15
2024-03-31,Smart Watch,East,110,5000,550000,2024,3,31
2024-05-19,Laptop,West,15,60000,900000,2024,5,19
2023-09-01,Mobile,South,112,25000,2800000,2023,9,1
2024-05-03,Smart Watch,South,46,5000,230000,2024,5,3
2024-06-03,Smart Watch,North,49,5000,245000,2024,6,3
2023-04-17,Headphones,South,27,3000,81000,2023,4,17
2023-03-24,Mobile,West,34,25000,850000,2023,3,24
2024-04-03,Laptop,West,167,60000,10020000,2024,4,3
2024-04-09,Mobile,South,136,25000,3400000,2024,4,9
2024-12-26,Smart Watch,West,49,5000,245000,2024,12,26
2024-11-21,Smart Watch,South,40,5000,200000,2024,11,21
2023-03-04,Smart Watch,West,87,5000,435000,2023,3,4
2024-02-15,Headphones,South,89,3000,267000,2024,2,15
2024-11-22,Smart Watch,South,146,5000,730000,2024,11,22
2024-06-23,Laptop,North,173,60000,10380000,2024,6,23
2023-01-09,Tablet,West,131,18000,2358000,2023,1,9
2023-07-04,Tablet,South,66,18000,1188000,2023,7,4
2023-11-06,Headphones,West,71,3000,213000,2023,11,6
2024-08-18,Laptop,West,175,60000,10500000,2024,8,18
2024-03-31,Tablet,South,195,18000,3510000,2024,3,31
2023-03-19,Headphones,North,24,3000,72000,2023,3,19
2024-01-05,Smart Watch,North,122,5000,610000,2024,1,5
2024-11-10,Laptop,North,194,60000,11640000,2024,11,10
2023-07-05,Tablet,East,25,18000,450000,2023,7,5
2024-10-29,Mobile,East,10,25000,250000,2024,10,29
2024-07-06,Headphones,West,170,3000,510000,2024,7,6
2023-06-10,Mobile,East,197,25000,4925000,2023,6,10
2024-04-15,Mobile,South,54,25000,1350000,2024,4,15
2023-03-21,Smart Watch,South,90,5000,450000,2023,3,21
2023-10-07,Headphones,North,157,3000,471000,2023,10,7
2023-12-01,Smart Watch,West,191,5000,955000,2023,12,1
2023-02-03,Headphones,South,139,3000,417000,2023,2,3
2023-09-06,Mobile,East,56,25000,1400000,2023,9,6
2024-08-26,Headphones,East,131,3000,393000,2024,8,26
2023-07-21,Smart Watch,East,174,5000,870000,2023,7,21
2023-10-24,Headphones,East,91,3000,273000,2023,10,24
2024-10-07,Mobile,South,33,25000,825000,2024,10,7
2024-02-26,Headphones,West,126,3000,378000,2024,2,26
2024-05-07,Mobile,East,70,25000,1750000,2024,5,7
2024-09-17,Tablet,South,180,18000,3240000,2024,9,17
2023-02-28,Mobile,East,114,25000,2850000,2023,2,28
2024-11-07,Headphones,South,44,3000,132000,2024,11,7
2023-06-11,Smart Watch,South,40,5000,200000,2023,6,11
2024-04-15,Tablet,West,33,18000,594000,2024,4,15
2024-02-27,Headphones,South,176,3000,528000,2024,2,27
2023-05-27,Tablet,West,184,18000,3312000,2023,5,27
2024-05-08,Laptop,East,103,60000,6180000,2024,5,8
2024-10-18,Mobile,East,38,25000,950000,2024,10,18
2023-01-14,Laptop,South,66,60000,3960000,2023,1,14
2024-04-29,Smart Watch,West,48,5000,240000,2024,4,29
2023-07-02,Headphones,South,46,3000,138000,2023,7,2
2023-01-14,Tablet,East,92,18000,1656000,2023,1,14
2023-06-08,Laptop,South,90,60000,5400000,2023,6,8
2023-03-24,Headphones,West,57,3000,171000,2023,3,24
2024-07-22,Tablet,South,141,18000,2538000,2024,7,22
2024-04-09,Tablet,South,20,18000,360000,2024,4,9
2024-01-30,Smart Watch,North,119,5000,595000,2024,1,30
2024-08-28,Mobile,South,145,25000,3625000,2024,8,28
2023-01-08,Headphones,West,128,3000,384000,2023,1,8
2023-10-17,Tablet,East,153,18000,2754000,2023,10,17
2023-12-27,Smart Watch,East,159,5000,795000,2023,12,27
2024-09-12,Laptop,South,92,60000,5520000,2024,9,12
2023-04-17,Smart Watch,North,39,5000,195000,2023,4,17
2023-01-08,Smart Watch,North,117,5000,585000,2023,1,8
2023-11-17,Tablet,South,99,18000,1782000,2023,11,17
2023-11-24,Tablet,East,55,18000,990000,2023,11,24
2023-07-19,Smart Watch,East,48,5000,240000,2023,7,19
2023-11-03,Headphones,North,89,3000,267000,2023,11,3
2023-03-18,Headphones,East,142,3000,426000,2023,3,18
2023-10-03,Headphones,South,131,3000,393000,2023,10,3
2024-09-12,Mobile,East,154,25000,3850000,2024,9,12
2024-01-24,Laptop,South,192,60000,11520000,2024,1,24
2023-11-02,Tablet,East,182,18000,3276000,2023,11,2
2024-10-14,Headphones,North,29,3000,87000,2024,10,14
2024-07-31,Tablet,East,156,18000,2808000,2024,7,31
2024-03-04,Smart Watch,South,63,5000,315000,2024,3,4
2024-06-01,Headphones,South,192,3000,576000,2024,6,1
2024-11-04,Tablet,East,140,18000,2520000,2024,11,4
2023-08-13,Mobile,South,89,25000,2225000,2023,8,13
2024-02-13,Headphones,East,33,3000,99000,2024,2,13
2023-09-28,Laptop,South,29,60000,1740000,2023,9,28
2024-04-09,Headphones,West,133,3000,399000,2024,4,9
2023-10-10,Headphones,North,83,3000,249000,2023,10,10
2024-03-22,Laptop,North,58,60000,3480000,2024,3,22
2024-04-28,Laptop,South,125,60000,7500000,2024,4,28
2024-06-18,Mobile,West,150,25000,3750000,2024,6,18
2024-02-11,Laptop,South,191,60000,11460000,2024,2,11
2023-05-28,Headphones,East,114,3000,342000,2023,5,28
2024-11-05,Tablet,South,42,18000,756000,2024,11,5
2024-07-11,Laptop,North,156,60000,9360000,2024,7,11
2023-08-10,Tablet,North,87,18000,1566000,2023,8,10
2023-11-18,Laptop,South,196,60000,11760000,2023,11,18
2023-10-04,Headphones,East,11,3000,33000,2023,10,4
2024-04-08,Tablet,East,22,18000,396000,2024,4,8
2024-01-17,Mobile,South,65,25000,1625000,2024,1,17
2023-08-18,Laptop,West,73,60000,4380000,2023,8,18
2024-08-05,Mobile,West,193,25000,4825000,2024,8,5
2024-02-29,Headphones,North,13,3000,39000,2024,2,29
2024-03-16,Headphones,South,193,3000,579000,2024,3,16
2024-11-01,Mobile,North,191,25000,4775000,2024,11,1
2023-05-16,Smart Watch,West,150,5000,750000,2023,5,16
2024-08-12,Headphones,South,36,3000,108000,2024,8,12
2023-04-30,Laptop,West,30,60000,1800000,2023,4,30
2024-06-13,Smart Watch,South,185,5000,925000,2024,6,13
2023-02-21,Headphones,North,153,3000,459000,2023,2,21
2024-06-30,Laptop,North,108,60000,6480000,2024,6,30
2024-04-10,Headphones,East,57,3000,171000,2024,4,10
2024-01-14,Laptop,West,88,60000,5280000,2024,1,14
2024-01-20,Mobile,West,17,25000,425000,2024,1,20
2023-08-02,Laptop,South,103,60000,6180000,2023,8,2
2024-12-19,Tablet,North,24,18000,432000,2024,12,19
2024-11-20,Mobile,East,113,25000,2825000,2024,11,20
2024-11-10,Mobile,East,48,25000,1200000,2024,11,10
2024-04-02,Headphones,North,144,3000,432000,2024,4,2
2024-01-09,Headphones,East,60,3000,180000,2024,1,9
2023-02-16,Headphones,West,104,3000,312000,2023,2,16
2023-12-27,Smart Watch,South,158,5000,790000,2023,12,27
2024-01-03,Laptop,West,17,60000,1020000,2024,1,3
2024-07-08,Headphones,North,94,3000,282000,2024,7,8
2023-06-04,Tablet,East,124,18000,2232000,2023,6,4
2024-03-10,Tablet,East,113,18000,2034000,2024,3,10
2024-01-07,Tablet,South,121,18000,2178000,2024,1,7
2024-03-28,Headphones,North,81,3000,243000,2024,3,28
2023-05-19,Smart Watch,North,189,5000,945000,2023,5,19
2024-07-14,Mobile,South,86,25000,2150000,2024,7,14
2023-03-03,Smart Watch,South,134,5000,670000,2023,3,3
2023-06-10,Smart Watch,South,88,5000,440000,2023,6,10
2024-06-18,Mobile,East,110,25000,2750000,2024,6,18
2024-11-15,Smart Watch,North,11,5000,55000,2024,11,15
2023-08-21,Laptop,East,187,60000,11220000,2023,8,21
2023-04-18,Headphones,West,46,3000,138000,2023,4,18
2024-08-06,Tablet,East,132,18000,2376000,2024,8,6
2023-08-15,Headphones,North,181,3000,543000,2023,8,15
2023-03-24,Smart Watch,South,129,5000,645000,2023,3,24
2023-03-06,Laptop,East,144,60000,8640000,2023,3,6
2024-03-03,Mobile,North,53,25000,1325000,2024,3,3
2023-04-17,Headphones,East,15,3000,45000,2023,4,17
2023-06-08,Laptop,West,174,60000,10440000,2023,6,8
2023-06-04,Smart Watch,North,137,5000,685000,2023,6,4
2024-05-12,Smart Watch,North,33,5000,165000,2024,5,12
2023-09-02,Headphones,South,107,3000,321000,2023,9,2
2024-06-04,Mobile,East,65,25000,1625000,2024,6,4
2024-02-18,Tablet,East,90,18000,1620000,2024,2,18
2023-12-22,Smart Watch,East,25,5000,125000,2023,12,22
2023-02-14,Laptop,East,79,60000,4740000,2023,2,14
2023-05-28,Tablet,West,110,18000,1980000,2023,5,28
2023-04-15,Mobile,South,149,25000,3725000,2023,4,15
2024-03-21,Headphones,East,51,3000,153000,2024,3,21
2024-03-17,Smart Watch,North,164,5000,820000,2024,3,17
2023-01-28,Mobile,East,125,25000,3125000,2023,1,28
2023-11-01,Mobile,North,10,25000,250000,2023,11,1
2024-05-16,Headphones,West,67,3000,201000,2024,5,16
2024-11-25,Laptop,South,162,60000,9720000,2024,11,25
2023-03-18,Laptop,North,81,60000,4860000,2023,3,18
2023-01-23,Headphones,South,63,3000,189000,2023,1,23
2024-08-21,Tablet,East,143,18000,2574000,2024,8,21
2023-09-24,Smart Watch,East,21,5000,105000,2023,9,24
2024-03-25,Smart Watch,East,45,5000,225000,2024,3,25
2024-02-05,Headphones,West,159,3000,477000,2024,2,5
2024-09-05,Tablet,West,39,18000,702000,2024,9,5
2024-03-29,Mobile,South,70,25000,1750000,2024,3,29
2024-08-12,Laptop,South,60,60000,3600000,2024,8,12
2024-03-03,Smart Watch,South,149,5000,745000,2024,3,3
2024-08-16,Laptop,North,57,60000,3420000,2024,8,16
2024-07-14,Smart Watch,West,49,5000,245000,2024,7,14
2023-04-18,Smart Watch,East,42,5000,210000,2023,4,18
2023-01-23,Smart Watch,South,62,5000,310000,2023,1,23
2023-02-18,Laptop,South,131,60000,7860000,2023,2,18
2024-03-19,Mobile,South,169,25000,4225000,2024,3,19
2024-01-12,Headphones,North,155,3000,465000,2024,1,12
2024-04-22,Headphones,South,150,3000,450000,2024,4,22
2024-02-12,Mobile,East,120,25000,3000000,2024,2,12
2024-09-11,Laptop,South,23,60000,1380000,2024,9,11
2023-05-14,Headphones,West,96,3000,288000,2023,5,14
2024-10-31,Mobile,South,50,25000,1250000,2024,10,31
2024-08-28,Laptop,South,173,60000,10380000,2024,8,28
2024-05-11,Mobile,West,97,25000,2425000,2024,5,11
2023-03-19,Mobile,West,23,25000,575000,2023,3,19
2023-10-14,Mobile,West,77,25000,1925000,2023,10,14
2023-07-12,Headphones,East,177,3000,531000,2023,7,12
2024-02-13,Headphones,North,140,3000,420000,2024,2,13
2023-04-12,Mobile,West,47,25000,1175000,2023,4,12
2024-02-26,Headphones,East,167,3000,501000,2024,2,26
2023-04-30,Tablet,East,44,18000,792000,2023,4,30
2024-05-02,Laptop,North,87,60000,5220000,2024,5,2
2023-02-07,Mobile,North,37,25000,925000,2023,2,7
2024-04-06,Headphones,South,153,3000,459000,2024,4,6
2024-09-27,Smart Watch,West,106,5000,530000,2024,9,27
2023-01-06,Laptop,East,24,60000,1440000,2023,1,6
2024-09-11,Tablet,East,56,18000,1008000,2024,9,11
2023-04-09,Mobile,North,141,25000,3525000,2023,4,9
2024-10-27,Tablet,West,11,18000,198000,2024,10,27
2024-10-18,Tablet,West,19,18000,342000,2024,10,18
2023-08-02,Laptop,East,30,60000,1800000,2023,8,2
2023-01-15,Tablet,West,135,18000,2430000,2023,1,15
2023-08-01,Headphones,West,14,3000,42000,2023,8,1
2023-08-19,Laptop,North,155,60000,9300000,2023,8,19
2023-05-29,Headphones,West,83,3000,249000,2023,5,29
2023-06-18,Laptop,West,161,60000,9660000,2023,6,18
2023-08-12,Laptop,South,53,60000,3180000,2023,8,12
2024-11-27,Tablet,East,171,18000,3078000,2024,11,27
2023-12-17,Mobile,East,133,25000,3325000,2023,12,17
2024-08-20,Tablet,South,49,18000,882000,2024,8,20
2023-10-30,Laptop,East,29,60000,1740000,2023,10,30
2024-04-05,Smart Watch,North,77,5000,385000,2024,4,5
2023-10-07,Headphones,West,54,3000,162000,2023,10,7
2024-06-23,Mobile,East,173,25000,4325000,2024,6,23
2023-04-01,Tablet,East,47,18000,846000,2023,4,1
2023-08-16,Mobile,South,62,25000,1550000,2023,8,16
2023-02-07,Smart Watch,West,196,5000,980000,2023,2,7
2023-02-12,Mobile,West,14,25000,350000,2023,2,12
2023-03-09,Headphones,East,182,3000,546000,2023,3,9
2023-12-02,Laptop,South,20,60000,1200000,2023,12,2
2024-10-30,Mobile,South,151,25000,3775000,2024,10,30
2024-01-11,Tablet,East,35,18000,630000,2024,1,11
2024-12-01,Mobile,South,68,25000,1700000,2024,12,1
2023-04-06,Mobile,West,145,25000,3625000,2023,4,6
2024-04-17,Laptop,East,34,60000,2040000,2024,4,17
2023-05-26,Headphones,East,188,3000,564000,2023,5,26
2023-04-19,Laptop,South,83,60000,4980000,2023,4,19
2024-05-08,Smart Watch,South,166,5000,830000,2024,5,8
2024-09-05,Laptop,North,146,60000,8760000,2024,9,5
2023-07-10,Smart Watch,North,151,5000,755000,2023,7,10
2023-03-14,Tablet,East,120,18000,2160000,2023,3,14
2024-11-03,Tablet,South,59,18000,1062000,2024,11,3
2024-05-24,Laptop,East,60,60000,3600000,2024,5,24
2023-11-06,Tablet,South,90,18000,1620000,2023,11,6
2024-01-09,Headphones,East,36,3000,108000,2024,1,9
2024-03-07,Headphones,North,156,3000,468000,2024,3,7
2024-04-25,Tablet,East,166,18000,2988000,2024,4,25
2024-11-13,Smart Watch,South,122,5000,610000,2024,11,13
2023-07-05,Mobile,West,51,25000,1275000,2023,7,5
2023-01-13,Mobile,South,51,25000,1275000,2023,1,13
2023-02-20,Headphones,North,153,3000,459000,2023,2,20
2023-12-23,Tablet,South,88,18000,1584000,2023,12,23
2024-05-20,Mobile,North,159,25000,3975000,2024,5,20
2024-05-02,Tablet,South,122,18000,2196000,2024,5,2
2024-07-22,Laptop,East,120,60000,7200000,2024,7,22
2023-03-01,Laptop,West,64,60000,3840000,2023,3,1
2024-12-20,Laptop,South,186,60000,11160000,2024,12,20
2024-07-28,Smart Watch,North,88,5000,440000,2024,7,28
2023-06-16,Laptop,North,78,60000,4680000,2023,6,16
2023-01-09,Headphones,South,165,3000,495000,2023,1,9
2024-11-15,Mobile,West,49,25000,1225000,2024,11,15
2024-10-07,Tablet,South,94,18000,1692000,2024,10,7
2023-01-30,Mobile,East,140,25000,3500000,2023,1,30
2023-07-09,Headphones,East,39,3000,117000,2023,7,9
2024-12-25,Smart Watch,West,47,5000,235000,2024,12,25
2023-12-26,Mobile,West,38,25000,950000,2023,12,26
2023-04-22,Headphones,North,154,3000,462000,2023,4,22
2024-05-13,Mobile,North,128,25000,3200000,2024,5,13
2024-02-25,Headphones,South,149,3000,447000,2024,2,25
2023-07-22,Headphones,North,138,3000,414000,2023,7,22
2023-11-10,Tablet,East,158,18000,2844000,2023,11,10
2023-01-23,Laptop,South,92,60000,5520000,2023,1,23
2024-05-07,Headphones,East,71,3000,213000,2024,5,7
2024-08-21,Tablet,East,176,18000,3168000,2024,8,21
2023-12-22,Headphones,East,36,3000,108000,2023,12,22
2023-08-11,Mobile,West,177,25000,4425000,2023,8,11
2023-12-17,Mobile,East,47,25000,1175000,2023,12,17
2024-03-04,Laptop,North,146,60000,8760000,2024,3,4
2024-12-03,Smart Watch,West,31,5000,155000,2024,12,3
2024-06-27,Mobile,South,151,25000,3775000,2024,6,27
2023-09-08,Mobile,West,30,25000,750000,2023,9,8
2023-11-08,Tablet,West,55,18000,990000,2023,11,8
2023-08-24,Headphones,East,170,3000,510000,2023,8,24
2024-03-03,Laptop,South,154,60000,9240000,2024,3,3
2023-02-21,Smart Watch,North,179,5000,895000,2023,2,21
2024-04-09,Smart Watch,South,108,5000,540000,2024,4,9
2024-01-15,Headphones,East,110,3000,330000,2024,1,15
2024-02-23,Mobile,North,143,25000,3575000,2024,2,23
2023-01-13,Tablet,South,39,18000,702000,2023,1,13
2023-09-15,Mobile,West,81,25000,2025000,2023,9,15
2024-05-04,Mobile,North,135,25000,3375000,2024,5,4
2024-12-05,Smart Watch,South,41,5000,205000,2024,12,5
2024-09-01,Tablet,North,104,18000,1872000,2024,9,1
2023-11-30,Smart Watch,East,72,5000,360000,2023,11,30
2023-01-19,Tablet,North,110,18000,1980000,2023,1,19
2023-02-06,Tablet,West,61,18000,1098000,2023,2,6
2023-07-04,Headphones,West,125,3000,375000,2023,7,4
2024-06-13,Laptop,East,87,60000,5220000,2024,6,13
2023-06-16,Mobile,West,24,25000,600000,2023,6,16
2023-09-20,Mobile,North,95,25000,2375000,2023,9,20
2024-12-26,Headphones,South,65,3000,195000,2024,12,26
2023-06-23,Smart Watch,West,11,5000,55000,2023,6,23
2023-09-01,Headphones,North,114,3000,342000,2023,9,1
2024-11-24,Tablet,East,178,18000,3204000,2024,11,24
2024-02-24,Tablet,North,59,18000,1062000,2024,2,24
2023-08-09,Laptop,West,194,60000,11640000,2023,8,9
2023-05-24,Mobile,West,95,25000,2375000,2023,5,24
2024-07-06,Headphones,East,98,3000,294000,2024,7,6
2024-11-20,Tablet,North,171,18000,3078000,2024,11,20
2023-06-16,Tablet,South,16,18000,288000,2023,6,16
2023-12-23,Headphones,West,61,3000,183000,2023,12,23
2024-12-19,Mobile,West,35,25000,875000,2024,12,19
2024-01-16,Mobile,South,99,25000,2475000,2024,1,16
2024-01-13,Mobile,North,11,25000,275000,2024,1,13
2024-09-15,Smart Watch,East,80,5000,400000,2024,9,15
2024-11-18,Mobile,West,127,25000,3175000,2024,11,18
2023-01-09,Laptop,East,102,60000,6120000,2023,1,9
2023-03-22,Headphones,East,52,3000,156000,2023,3,22
2023-04-02,Tablet,East,93,18000,1674000,2023,4,2
2023-10-27,Laptop,North,68,60000,4080000,2023,10,27
2023-12-08,Laptop,North,121,60000,7260000,2023,12,8
2023-12-08,Mobile,South,17,25000,425000,2023,12,8
2024-09-16,Smart Watch,South,69,5000,345000,2024,9,16
2024-12-06,Tablet,South,57,18000,1026000,2024,12,6
2024-09-06,Smart Watch,North,65,5000,325000,2024,9,6
2024-02-16,Laptop,West,45,60000,2700000,2024,2,16
2023-06-27,Tablet,North,26,18000,468000,2023,6,27
2024-12-11,Smart Watch,East,112,5000,560000,2024,12,11
2024-01-01,Mobile,East,186,25000,4650000,2024,1,1
2024-05-02,Mobile,East,100,25000,2500000,2024,5,2
2024-05-03,Mobile,South,98,25000,2450000,2024,5,3
2024-02-14,Laptop,West,141,60000,8460000,2024,2,14
2023-03-23,Mobile,North,115,25000,2875000,2023,3,23
2023-07-08,Headphones,South,19,3000,57000,2023,7,8
2024-09-26,Mobile,North,164,25000,4100000,2024,9,26
2024-07-05,Laptop,East,42,60000,2520000,2024,7,5
2024-08-05,Laptop,West,142,60000,8520000,2024,8,5
2024-02-11,Tablet,South,98,18000,1764000,2024,2,11
2024-03-16,Tablet,North,137,18000,2466000,2024,3,16
2024-10-12,Headphones,East,26,3000,78000,2024,10,12
2024-11-07,Smart Watch,South,93,5000,465000,2024,11,7
2023-11-08,Smart Watch,West,92,5000,460000,2023,11,8
2023-07-17,Headphones,West,112,3000,336000,2023,7,17
2024-01-03,Laptop,North,51,60000,3060000,2024,1,3
2023-07-21,Mobile,West,166,25000,4150000,2023,7,21
2024-04-08,Laptop,North,39,60000,2340000,2024,4,8
2024-03-12,Smart Watch,South,28,5000,140000,2024,3,12
2024-07-18,Smart Watch,North,183,5000,915000,2024,7,18
2023-08-01,Smart Watch,North,113,5000,565000,2023,8,1
2023-07-11,Smart Watch,North,156,5000,780000,2023,7,11
2024-01-15,Laptop,North,46,60000,2760000,2024,1,15
2024-01-12,Mobile,South,68,25000,1700000,2024,1,12
2023-08-28,Smart Watch,North,40,5000,200000,2023,8,28
2023-07-23,Tablet,South,185,18000,3330000,2023,7,23
2023-05-23,Smart Watch,West,29,5000,145000,2023,5,23
2023-10-27,Mobile,South,104,25000,2600000,2023,10,27
2023-03-05,Smart Watch,East,18,5000,90000,2023,3,5
2024-04-03,Tablet,North,51,18000,918000,2024,4,3
2024-05-20,Laptop,West,68,60000,4080000,2024,5,20
2023-01-21,Mobile,South,166,25000,4150000,2023,1,21
2023-11-25,Smart Watch,West,78,5000,390000,2023,11,25
2024-11-10,Tablet,North,115,18000,2070000,2024,11,10
2023-05-02,Headphones,South,14,3000,42000,2023,5,2
2024-09-16,Mobile,North,79,25000,1975000,2024,9,16
2023-06-09,Tablet,South,176,18000,3168000,2023,6,9
2023-09-04,Mobile,East,21,25000,525000,2023,9,4
2023-08-31,Headphones,West,175,3000,525000,2023,8,31
2023-07-13,Headphones,North,148,3000,444000,2023,7,13
2024-05-20,Laptop,East,172,60000,10320000,2024,5,20
2024-03-14,Tablet,West,126,18000,2268000,2024,3,14
2023-07-11,Headphones,South,13,3000,39000,2023,7,11
2024-06-13,Tablet,West,29,18000,522000,2024,6,13
2023-05-02,Laptop,West,163,60000,9780000,2023,5,2
2024-06-20,Headphones,North,68,3000,204000,2024,6,20
2023-10-28,Laptop,South,126,60000,7560000,2023,10,28
2023-05-07,Smart Watch,East,12,5000,60000,2023,5,7
2024-05-12,Laptop,East,16,60000,960000,2024,5,12
2024-02-02,Smart Watch,East,189,5000,945000,2024,2,2
2023-12-26,Laptop,West,131,60000,7860000,2023,12,26
2023-08-29,Tablet,North,157,18000,2826000,2023,8,29
2024-08-14,Mobile,South,139,25000,3475000,2024,8,14
2023-10-30,Mobile,North,50,25000,1250000,2023,10,30
2024-06-09,Smart Watch,East,14,5000,70000,2024,6,9
2024-12-04,Smart Watch,East,14,5000,70000,2024,12,4
2023-04-23,Headphones,East,28,3000,84000,2023,4,23
2023-10-05,Mobile,West,26,25000,650000,2023,10,5
2023-07-23,Laptop,West,26,60000,1560000,2023,7,23
2024-12-14,Headphones,East,155,3000,465000,2024,12,14
2024-03-04,Mobile,South,27,25000,675000,2024,3,4
2023-07-27,Laptop,East,85,60000,5100000,2023,7,27
2024-06-05,Smart Watch,North,140,5000,700000,2024,6,5
2023-03-24,Smart Watch,West,151,5000,755000,2023,3,24
2024-10-05,Smart Watch,East,27,5000,135000,2024,10,5
2024-08-27,Tablet,West,47,18000,846000,2024,8,27
2023-05-28,Tablet,West,60,18000,1080000,2023,5,28
2024-06-14,Headphones,North,75,3000,225000,2024,6,14
2023-05-21,Mobile,North,167,25000,4175000,2023,5,21
2024-09-01,Tablet,South,97,18000,1746000,2024,9,1
2023-02-02,Laptop,North,83,60000,4980000,2023,2,2
2024-05-26,Mobile,East,80,25000,2000000,2024,5,26
2023-11-09,Tablet,West,88,18000,1584000,2023,11,9
2023-06-18,Mobile,East,189,25000,4725000,2023,6,18
2024-09-19,Headphones,South,13,3000,39000,2024,9,19
2023-01-05,Laptop,West,96,60000,5760000,2023,1,5
2023-12-26,Smart Watch,North,198,5000,990000,2023,12,26
2024-03-14,Tablet,North,151,18000,2718000,2024,3,14
2023-07-07,Laptop,East,124,60000,7440000,2023,7,7
2023-08-24,Mobile,South,59,25000,1475000,2023,8,24
2023-05-22,Mobile,South,39,25000,975000,2023,5,22
2023-03-23,Headphones,West,86,3000,258000,2023,3,23
2024-10-21,Laptop,South,44,60000,2640000,2024,10,21
2023-04-10,Smart Watch,West,64,5000,320000,2023,4,10
2023-07-14,Tablet,West,41,18000,738000,2023,7,14
2023-04-03,Mobile,North,143,25000,3575000,2023,4,3
2023-08-08,Mobile,West,169,25000,4225000,2023,8,8
2024-07-10,Mobile,North,119,25000,2975000,2024,7,10
2024-06-04,Tablet,East,123,18000,2214000,2024,6,4
2023-11-27,Laptop,South,20,60000,1200000,2023,11,27
2024-05-21,Tablet,South,152,18000,2736000,2024,5,21
2023-08-23,Tablet,East,101,18000,1818000,2023,8,23
2024-02-16,Laptop,West,101,60000,6060000,2024,2,16
2023-11-27,Tablet,West,138,18000,2484000,2023,11,27
2024-12-09,Mobile,South,119,25000,2975000,2024,12,9
2023-08-16,Mobile,South,86,25000,2150000,2023,8,16
2023-08-31,Smart Watch,West,136,5000,680000,2023,8,31
2024-08-09,Mobile,South,175,25000,4375000,2024,8,9
2024-11-25,Headphones,South,90,3000,270000,2024,11,25
2024-06-17,Tablet,East,173,18000,3114000,2024,6,17
2024-08-30,Mobile,West,132,25000,3300000,2024,8,30
2023-11-04,Headphones,West,87,3000,261000,2023,11,4
2024-02-24,Laptop,North,73,60000,4380000,2024,2,24
2024-07-26,Mobile,South,104,25000,2600000,2024,7,26
2023-10-23,Headphones,East,164,3000,492000,2023,10,23
2023-07-05,Laptop,North,78,60000,4680000,2023,7,5
2024-09-18,Tablet,West,18,18000,324000,2024,9,18
2024-04-28,Laptop,North,16,60000,960000,2024,4,28
2024-01-06,Smart Watch,East,48,5000,240000,2024,1,6
2024-10-07,Tablet,East,66,18000,1188000,2024,10,7
2024-08-26,Laptop,South,156,60000,9360000,2024,8,26
2024-09-30,Tablet,East,19,18000,342000,2024,9,30
2024-09-10,Tablet,South,140,18000,2520000,2024,9,10
2023-05-26,Laptop,East,157,60000,9420000,2023,5,26
2024-11-28,Smart Watch,South,187,5000,935000,2024,11,28
2024-05-01,Mobile,North,38,25000,950000,2024,5,1
2023-12-18,Mobile,North,56,25000,1400000,2023,12,18
2023-05-31,Mobile,East,141,25000,3525000,2023,5,31
2024-01-07,Laptop,West,94,60000,5640000,2024,1,7
2023-02-22,Mobile,West,88,25000,2200000,2023,2,22
2023-02-26,Laptop,South,144,60000,8640000,2023,2,26
2023-05-27,Headphones,East,74,3000,222000,2023,5,27
2023-10-22,Tablet,North,35,18000,630000,2023,10,22
2024-11-14,Headphones,South,86,3000,258000,2024,11,14
2023-08-08,Headphones,West,175,3000,525000,2023,8,8
2024-11-29,Mobile,West,72,25000,1800000,2024,11,29
2023-07-08,Laptop,South,48,60000,2880000,2023,7,8
2023-02-10,Laptop,West,174,60000,10440000,2023,2,10
2023-11-17,Laptop,South,182,60000,10920000,2023,11,17
2024-04-21,Laptop,North,136,60000,8160000,2024,4,21
2024-01-17,Headphones,North,160,3000,480000,2024,1,17
2023-01-05,Mobile,West,154,25000,3850000,2023,1,5
2023-12-17,Laptop,West,134,60000,8040000,2023,12,17
2023-09-28,Smart Watch,East,162,5000,810000,2023,9,28
2023-02-22,Smart Watch,East,111,5000,555000,2023,2,22
2024-03-25,Tablet,North,41,18000,738000,2024,3,25
2023-10-04,Headphones,West,92,3000,276000,2023,10,4
2023-08-06,Mobile,South,24,25000,600000,2023,8,6
2024-02-08,Mobile,West,92,25000,2300000,2024,2,8
2024-12-11,Smart Watch,East,172,5000,860000,2024,12,11
2023-07-26,Laptop,North,45,60000,2700000,2023,7,26
2024-01-08,Tablet,South,28,18000,504000,2024,1,8
2023-01-23,Laptop,North,144,60000,8640000,2023,1,23
2024-12-16,Smart Watch,South,55,5000,275000,2024,12,16
2024-10-16,Tablet,East,60,18000,1080000,2024,10,16
2024-05-14,Smart Watch,South,188,5000,940000,2024,5,14
2024-07-28,Headphones,South,153,3000,459000,2024,7,28
2024-02-12,Laptop,East,15,60000,900000,2024,2,12
2024-04-27,Smart Watch,East,140,5000,700000,2024,4,27
2024-02-16,Mobile,South,106,25000,2650000,2024,2,16
2023-12-02,Tablet,South,42,18000,756000,2023,12,2
2023-05-20,Laptop,West,22,60000,1320000,2023,5,20
2024-10-25,Headphones,North,105,3000,315000,2024,10,25
2024-02-04,Smart Watch,North,129,5000,645000,2024,2,4
2023-12-22,Smart Watch,East,60,5000,300000,2023,12,22
2024-06-16,Headphones,East,30,3000,90000,2024,6,16
2024-01-17,Smart Watch,South,82,5000,410000,2024,1,17
2024-03-24,Headphones,South,87,3000,261000,2024,3,24
2024-01-25,Laptop,South,43,60000,2580000,2024,1,25
2024-07-21,Tablet,East,179,18000,3222000,2024,7,21
2024-12-02,Headphones,North,11,3000,33000,2024,12,2
2024-12-30,Mobile,West,105,25000,2625000,2024,12,30
2023-01-10,Mobile,South,160,25000,4000000,2023,1,10
2024-09-16,Smart Watch,East,58,5000,290000,2024,9,16
2024-06-29,Laptop,West,31,60000,1860000,2024,6,29
2023-10-14,Laptop,North,25,60000,1500000,2023,10,14
2023-10-26,Headphones,East,123,3000,369000,2023,10,26
2023-07-26,Smart Watch,East,166,5000,830000,2023,7,26
2023-10-28,Headphones,North,173,3000,519000,2023,10,28
2023-06-25,Headphones,East,105,3000,315000,2023,6,25
2023-07-21,Laptop,North,60,60000,3600000,2023,7,21
2023-04-22,Mobile,East,74,25000,1850000,2023,4,22
2023-12-10,Headphones,South,51,3000,153000,2023,12,10
2023-09-01,Smart Watch,East,20,5000,100000,2023,9,1
2024-09-21,Smart Watch,North,87,5000,435000,2024,9,21
2024-02-19,Laptop,West,190,60000,11400000,2024,2,19
2023-09-03,Mobile,West,161,25000,4025000,2023,9,3
2024-01-27,Tablet,East,185,18000,3330000,2024,1,27
2024-10-31,Mobile,South,64,25000,1600000,2024,10,31
2024-12-13,Mobile,South,199,25000,4975000,2024,12,13
2024-09-11,Headphones,North,145,3000,435000,2024,9,11
2024-01-20,Headphones,South,56,3000,168000,2024,1,20
2023-07-22,Smart Watch,South,33,5000,165000,2023,7,22
2024-11-17,Mobile,West,165,25000,4125000,2024,11,17
2023-09-18,Laptop,South,91,60000,5460000,2023,9,18
2024-03-05,Smart Watch,East,100,5000,500000,2024,3,5
2024-03-15,Laptop,North,136,60000,8160000,2024,3,15
2024-02-16,Smart Watch,West,29,5000,145000,2024,2,16
2023-12-04,Mobile,East,190,25000,4750000,2023,12,4
2024-12-04,Smart Watch,East,122,5000,610000,2024,12,4
2023-06-25,Smart Watch,South,177,5000,885000,2023,6,25
2024-01-17,Tablet,North,198,18000,3564000,2024,1,17
2023-11-02,Mobile,South,96,25000,2400000,2023,11,2
2023-06-05,Mobile,North,156,25000,3900000,2023,6,5
2024-09-05,Smart Watch,East,120,5000,600000,2024,9,5
2024-08-25,Laptop,North,38,60000,2280000,2024,8,25
2023-10-28,Tablet,East,110,18000,1980000,2023,10,28
2023-09-24,Mobile,West,15,25000,375000,2023,9,24
2023-03-08,Smart Watch,North,37,5000,185000,2023,3,8
2024-05-26,Tablet,West,47,18000,846000,2024,5,26
2023-02-12,Smart Watch,North,199,5000,995000,2023,2,12
2023-02-15,Laptop,East,48,60000,2880000,2023,2,15
2024-01-18,Smart Watch,North,169,5000,845000,2024,1,18
2024-05-21,Laptop,West,78,60000,4680000,2024,5,21
2023-01-30,Tablet,West,122,18000,2196000,2023,1,30
2023-10-02,Headphones,East,192,3000,576000,2023,10,2
2023-02-05,Headphones,East,86,3000,258000,2023,2,5
2024-08-12,Smart Watch,South,185,5000,925000,2024,8,12
2024-06-25,Smart Watch,South,153,5000,765000,2024,6,25
2024-11-14,Tablet,North,128,18000,2304000,2024,11,14
2023-10-18,Headphones,East,16,3000,48000,2023,10,18
2023-08-30,Mobile,East,55,25000,1375000,2023,8,30
2023-10-03,Smart Watch,West,41,5000,205000,2023,10,3
2023-06-03,Mobile,East,157,25000,3925000,2023,6,3
2023-02-19,Headphones,South,124,3000,372000,2023,2,19
2024-10-23,Smart Watch,North,75,5000,375000,2024,10,23
2023-08-20,Smart Watch,East,91,5000,455000,2023,8,20
2024-10-24,Smart Watch,West,146,5000,730000,2024,10,24
2024-10-08,Laptop,South,74,60000,4440000,2024,10,8
2024-05-28,Headphones,South,41,3000,123000,2024,5,28
2024-05-12,Tablet,West,151,18000,2718000,2024,5,12
2024-10-21,Laptop,South,58,60000,3480000,2024,10,21
2024-10-09,Headphones,East,183,3000,549000,2024,10,9
2023-05-29,Smart Watch,West,49,5000,245000,2023,5,29
2023-04-16,Tablet,West,114,18000,2052000,2023,4,16
2024-10-19,Tablet,North,61,18000,1098000,2024,10,19
2023-02-22,Tablet,North,113,18000,2034000,2023,2,22
2024-01-04,Mobile,East,70,25000,1750000,2024,1,4
2024-12-04,Smart Watch,North,107,5000,535000,2024,12,4
2023-02-03,Tablet,East,68,18000,1224000,2023,2,3
2024-06-12,Tablet,North,121,18000,2178000,2024,6,12
2024-02-17,Headphones,North,106,3000,318000,2024,2,17
2023-05-25,Headphones,South,99,3000,297000,2023,5,25
2024-10-09,Mobile,East,27,25000,675000,2024,10,9
2023-12-17,Tablet,East,25,18000,450000,2023,12,17
2024-05-20,Mobile,West,85,25000,2125000,2024,5,20
2024-06-11,Headphones,East,188,3000,564000,2024,6,11
2024-10-02,Tablet,East,21,18000,378000,2024,10,2
2023-01-30,Laptop,North,198,60000,11880000,2023,1,30
2023-11-06,Smart Watch,North,179,5000,895000,2023,11,6
2024-12-04,Tablet,East,197,18000,3546000,2024,12,4
2024-12-27,Tablet,East,112,18000,2016000,2024,12,27
2024-09-14,Mobile,East,91,25000,2275000,2024,9,14
2024-10-05,Tablet,South,140,18000,2520000,2024,10,5
2024-09-02,Laptop,South,185,60000,11100000,2024,9,2
2024-03-24,Smart Watch,North,35,5000,175000,2024,3,24
2024-10-09,Mobile,West,47,25000,1175000,2024,10,9
2023-10-25,Smart Watch,South,149,5000,745000,2023,10,25
2024-04-12,Laptop,South,55,60000,3300000,2024,4,12
2024-11-05,Smart Watch,West,125,5000,625000,2024,11,5
2023-03-23,Headphones,South,11,3000,33000,2023,3,23
2023-09-30,Mobile,South,31,25000,775000,2023,9,30
2024-08-17,Mobile,North,10,25000,250000,2024,8,17
2023-08-04,Smart Watch,West,168,5000,840000,2023,8,4
2023-10-14,Mobile,East,62,25000,1550000,2023,10,14
2024-04-02,Smart Watch,North,159,5000,795000,2024,4,2
2023-01-23,Headphones,East,152,3000,456000,2023,1,23
2024-02-14,Tablet,East,157,18000,2826000,2024,2,14
2024-01-16,Smart Watch,West,130,5000,650000,2024,1,16
2023-10-22,Mobile,North,164,25000,4100000,2023,10,22
2023-05-23,Smart Watch,South,14,5000,70000,2023,5,23
2023-08-19,Laptop,East,50,60000,3000000,2023,8,19
2023-01-10,Mobile,West,33,25000,825000,2023,1,10
2023-03-19,Laptop,North,154,60000,9240000,2023,3,19
2023-04-19,Tablet,East,82,18000,1476000,2023,4,19
2023-12-29,Tablet,South,21,18000,378000,2023,12,29
2023-12-07,Tablet,East,94,18000,1692000,2023,12,7
2024-06-05,Laptop,South,68,60000,4080000,2024,6,5
2023-11-04,Mobile,North,128,25000,3200000,2023,11,4
2024-11-10,Laptop,North,77,60000,4620000,2024,11,10
2023-08-17,Headphones,West,93,3000,279000,2023,8,17
2023-10-24,Smart Watch,South,122,5000,610000,2023,10,24
2023-08-05,Laptop,South,88,60000,5280000,2023,8,5
2023-11-15,Mobile,West,157,25000,3925000,2023,11,15
2023-02-06,Tablet,South,142,18000,2556000,2023,2,6
2023-02-03,Tablet,North,71,18000,1278000,2023,2,3
2023-06-01,Tablet,North,98,18000,1764000,2023,6,1
2023-03-20,Smart Watch,South,38,5000,190000,2023,3,20
2023-02-01,Laptop,North,151,60000,9060000,2023,2,1
2024-08-02,Headphones,West,23,3000,69000,2024,8,2
2023-03-18,Laptop,West,176,60000,10560000,2023,3,18
2023-10-11,Laptop,West,146,60000,8760000,2023,10,11
2023-06-05,Mobile,East,26,25000,650000,2023,6,5
2023-04-27,Smart Watch,East,19,5000,95000,2023,4,27
2023-03-21,Tablet,South,125,18000,2250000,2023,3,21
2023-08-08,Smart Watch,North,88,5000,440000,2023,8,8
2023-11-12,Smart Watch,South,125,5000,625000,2023,11,12
2024-08-05,Headphones,South,22,3000,66000,2024,8,5
2024-05-22,Laptop,East,45,60000,2700000,2024,5,22
2023-08-08,Smart Watch,East,65,5000,325000,2023,8,8
2023-12-17,Headphones,East,61,3000,183000,2023,12,17
2024-04-19,Mobile,South,182,25000,4550000,2024,4,19
2023-12-06,Smart Watch,South,62,5000,310000,2023,12,6
2023-06-06,Laptop,South,30,60000,1800000,2023,6,6
2023-04-22,Tablet,South,85,18000,1530000,2023,4,22
2024-06-25,Smart Watch,East,170,5000,850000,2024,6,25
2024-02-06,Smart Watch,North,116,5000,580000,2024,2,6
2024-01-07,Headphones,East,45,3000,135000,2024,1,7
2023-10-30,Mobile,South,63,25000,1575000,2023,10,30
2024-11-03,Mobile,North,176,25000,4400000,2024,11,3
2023-10-06,Tablet,East,11,18000,198000,2023,10,6
2023-07-13,Tablet,North,119,18000,2142000,2023,7,13
2024-01-15,Tablet,East,80,18000,1440000,2024,1,15
2024-11-06,Smart Watch,East,174,5000,870000,2024,11,6
2023-04-23,Mobile,West,54,25000,1350000,2023,4,23
2024-06-11,Mobile,South,131,25000,3275000,2024,6,11
2024-03-21,Tablet,West,24,18000,432000,2024,3,21
2024-12-21,Headphones,South,29,3000,87000,2024,12,21
2024-08-04,Smart Watch,South,188,5000,940000,2024,8,4
2024-05-04,Headphones,West,176,3000,528000,2024,5,4
2024-04-12,Mobile,North,45,25000,1125000,2024,4,12
2023-11-23,Mobile,South,21,25000,525000,2023,11,23
2024-10-02,Headphones,South,162,3000,486000,2024,10,2
2023-07-27,Smart Watch,East,15,5000,75000,2023,7,27
2023-10-09,Laptop,East,129,60000,7740000,2023,10,9
2023-07-02,Laptop,North,23,60000,1380000,2023,7,2
2024-09-15,Laptop,East,46,60000,2760000,2024,9,15
2023-06-27,Smart Watch,West,81,5000,405000,2023,6,27
2023-12-18,Smart Watch,North,114,5000,570000,2023,12,18
2024-10-20,Smart Watch,South,104,5000,520000,2024,10,20
2024-01-09,Headphones,East,102,3000,306000,2024,1,9
2023-02-11,Tablet,North,192,18000,3456000,2023,2,11
2023-02-16,Smart Watch,South,67,5000,335000,2023,2,16
2024-12-11,Laptop,West,48,60000,2880000,2024,12,11
2023-09-09,Tablet,South,44,18000,792000,2023,9,9
2024-02-17,Mobile,South,61,25000,1525000,2024,2,17
2024-01-09,Tablet,West,195,18000,3510000,2024,1,9
2024-06-25,Mobile,East,176,25000,4400000,2024,6,25
2023-12-17,Smart Watch,East,136,5000,680000,2023,12,17
2023-02-21,Smart Watch,West,100,5000,500000,2023,2,21
2024-10-25,Smart Watch,North,118,5000,590000,2024,10,25
2023-05-30,Laptop,North,125,60000,7500000,2023,5,30
2024-12-04,Headphones,East,155,3000,465000,2024,12,4
2023-08-29,Smart Watch,West,120,5000,600000,2023,8,29
2024-12-13,Tablet,East,171,18000,3078000,2024,12,13
2023-10-10,Smart Watch,West,164,5000,820000,2023,10,10
2023-03-14,Smart Watch,East,95,5000,475000,2023,3,14
2023-09-16,Smart Watch,East,143,5000,715000,2023,9,16
2024-02-20,Mobile,North,199,25000,4975000,2024,2,20
2023-08-05,Tablet,South,176,18000,3168000,2023,8,5
2023-11-16,Mobile,West,168,25000,4200000,2023,11,16
2024-08-21,Laptop,East,34,60000,2040000,2024,8,21
2024-02-24,Mobile,East,55,25000,1375000,2024,2,24
2024-10-11,Mobile,West,106,25000,2650000,2024,10,11
2024-11-06,Headphones,West,25,3000,75000,2024,11,6
2023-01-18,Mobile,West,84,25000,2100000,2023,1,18
2024-12-10,Laptop,South,134,60000,8040000,2024,12,10
2024-05-23,Headphones,North,47,3000,141000,2024,5,23
2024-04-20,Smart Watch,South,90,5000,450000,2024,4,20
2023-02-01,Tablet,South,83,18000,1494000,2023,2,1
2024-09-14,Mobile,West,123,25000,3075000,2024,9,14
2024-01-14,Laptop,South,92,60000,5520000,2024,1,14
2023-08-26,Smart Watch,East,139,5000,695000,2023,8,26
2024-08-27,Headphones,North,59,3000,177000,2024,8,27
2023-10-12,Laptop,South,164,60000,9840000,2023,10,12
2024-01-08,Laptop,East,69,60000,4140000,2024,1,8
2023-08-24,Smart Watch,West,67,5000,335000,2023,8,24
2024-01-15,Mobile,South,60,25000,1500000,2024,1,15
2024-02-24,Headphones,North,60,3000,180000,2024,2,24
2024-10-04,Smart Watch,South,186,5000,930000,2024,10,4
2023-07-24,Laptop,East,10,60000,600000,2023,7,24
2023-07-04,Laptop,West,187,60000,11220000,2023,7,4
2023-01-14,Tablet,North,12,18000,216000,2023,1,14
2023-02-09,Laptop,North,171,60000,10260000,2023,2,9
2023-12-17,Laptop,South,93,60000,5580000,2023,12,17
2024-06-16,Smart Watch,East,34,5000,170000,2024,6,16
2023-12-24,Mobile,West,34,25000,850000,2023,12,24
2024-01-28,Headphones,South,66,3000,198000,2024,1,28
2024-07-02,Smart Watch,West,161,5000,805000,2024,7,2
2024-06-15,Laptop,East,112,60000,6720000,2024,6,15
2023-01-29,Tablet,West,36,18000,648000,2023,1,29
2024-11-05,Laptop,East,159,60000,9540000,2024,11,5
2023-11-26,Mobile,North,141,25000,3525000,2023,11,26
2024-04-10,Laptop,South,43,60000,2580000,2024,4,10
2024-10-18,Headphones,South,171,3000,513000,2024,10,18
2024-09-15,Tablet,North,106,18000,1908000,2024,9,15
2024-01-12,Mobile,South,126,25000,3150000,2024,1,12
2024-08-27,Smart Watch,West,35,5000,175000,2024,8,27
2024-05-20,Smart Watch,West,76,5000,380000,2024,5,20
2024-08-18,Mobile,West,27,25000,675000,2024,8,18
2023-06-30,Smart Watch,North,36,5000,180000,2023,6,30
2023-10-14,Tablet,South,138,18000,2484000,2023,10,14
2023-09-19,Tablet,South,190,18000,3420000,2023,9,19
2024-12-25,Smart Watch,South,30,5000,150000,2024,12,25
2023-10-02,Headphones,North,125,3000,375000,2023,10,2
2024-02-17,Laptop,West,86,60000,5160000,2024,2,17
2024-12-23,Laptop,North,175,60000,10500000,2024,12,23
2023-09-14,Laptop,North,95,60000,5700000,2023,9,14
2023-01-15,Mobile,East,57,25000,1425000,2023,1,15
2024-05-01,Laptop,West,117,60000,7020000,2024,5,1
2024-01-23,Smart Watch,North,106,5000,530000,2024,1,23
2024-03-30,Laptop,North,89,60000,5340000,2024,3,30
2024-10-19,Mobile,North,118,25000,2950000,2024,10,19
2023-10-06,Tablet,North,180,18000,3240000,2023,10,6
2023-02-20,Laptop,West,172,60000,10320000,2023,2,20
2023-05-25,Mobile,West,164,25000,4100000,2023,5,25
2024-05-22,Laptop,East,78,60000,4680000,2024,5,22
2024-10-16,Mobile,South,43,25000,1075000,2024,10,16
2023-10-31,Tablet,West,147,18000,2646000,2023,10,31
2024-05-31,Headphones,West,126,3000,378000,2024,5,31
2024-02-14,Headphones,East,71,3000,213000,2024,2,14
2024-06-08,Laptop,North,29,60000,1740000,2024,6,8
2024-08-26,Headphones,North,161,3000,483000,2024,8,26
2023-04-18,Laptop,West,197,60000,11820000,2023,4,18
2023-06-25,Headphones,North,118,3000,354000,2023,6,25
2024-10-18,Headphones,South,28,3000,84000,2024,10,18
2023-03-12,Tablet,East,106,18000,1908000,2023,3,12
2024-06-06,Mobile,South,134,25000,3350000,2024,6,6
2023-07-15,Laptop,North,103,60000,6180000,2023,7,15
2024-02-28,Smart Watch,West,175,5000,875000,2024,2,28
2024-07-28,Smart Watch,East,100,5000,500000,2024,7,28
2023-10-12,Headphones,East,125,3000,375000,2023,10,12
2023-03-11,Tablet,East,55,18000,990000,2023,3,11
2023-09-12,Headphones,West,189,3000,567000,2023,9,12
2023-09-21,Mobile,North,177,25000,4425000,2023,9,21
2023-08-01,Headphones,West,109,3000,327000,2023,8,1
2023-04-22,Headphones,South,45,3000,135000,2023,4,22
2023-04-22,Smart Watch,North,174,5000,870000,2023,4,22
2023-03-31,Mobile,South,155,25000,3875000,2023,3,31
2024-09-09,Mobile,South,83,25000,2075000,2024,9,9
2024-11-09,Mobile,East,16,25000,400000,2024,11,9
2023-07-16,Laptop,South,27,60000,1620000,2023,7,16
2024-02-01,Laptop,West,17,60000,1020000,2024,2,1
2023-03-15,Laptop,South,88,60000,5280000,2023,3,15
2024-09-24,Tablet,West,24,18000,432000,2024,9,24
2023-05-14,Laptop,East,145,60000,8700000,2023,5,14
2024-04-23,Smart Watch,South,189,5000,945000,2024,4,23
2024-04-07,Mobile,North,33,25000,825000,2024,4,7
2023-06-17,Headphones,East,79,3000,237000,2023,6,17
2023-11-14,Laptop,North,10,60000,600000,2023,11,14
2023-08-05,Mobile,South,41,25000,1025000,2023,8,5
2023-06-01,Tablet,West,32,18000,576000,2023,6,1
2023-10-12,Mobile,North,39,25000,975000,2023,10,12
2024-08-24,Headphones,West,76,3000,228000,2024,8,24
2024-07-23,Headphones,North,32,3000,96000,2024,7,23
2024-03-18,Laptop,North,152,60000,9120000,2024,3,18
2023-05-08,Laptop,South,189,60000,11340000,2023,5,8
2023-07-05,Laptop,West,13,60000,780000,2023,7,5
2024-12-17,Headphones,East,55,3000,165000,2024,12,17
2024-05-21,Laptop,East,170,60000,10200000,2024,5,21
2023-10-16,Headphones,West,74,3000,222000,2023,10,16
2024-05-16,Mobile,South,94,25000,2350000,2024,5,16
2024-08-22,Tablet,West,162,18000,2916000,2024,8,22
2024-10-10,Laptop,North,197,60000,11820000,2024,10,10
2024-10-14,Tablet,West,13,18000,234000,2024,10,14
2024-05-05,Headphones,East,35,3000,105000,2024,5,5
2024-04-03,Tablet,South,22,18000,396000,2024,4,3
2024-09-28,Headphones,South,48,3000,144000,2024,9,28
2024-03-10,Tablet,West,61,18000,1098000,2024,3,10
2024-12-26,Smart Watch,West,167,5000,835000,2024,12,26
2023-07-23,Smart Watch,North,84,5000,420000,2023,7,23
2024-01-15,Smart Watch,West,71,5000,355000,2024,1,15
2024-07-23,Mobile,West,196,25000,4900000,2024,7,23
2023-08-17,Headphones,East,43,3000,129000,2023,8,17
2023-09-11,Smart Watch,South,96,5000,480000,2023,9,11
2023-06-30,Laptop,South,141,60000,8460000,2023,6,30
2023-08-10,Smart Watch,South,58,5000,290000,2023,8,10
2024-03-15,Mobile,East,169,25000,4225000,2024,3,15
2024-02-12,Smart Watch,South,121,5000,605000,2024,2,12
2023-11-21,Headphones,South,51,3000,153000,2023,11,21
2023-12-31,Mobile,South,35,25000,875000,2023,12,31
2023-10-15,Tablet,North,134,18000,2412000,2023,10,15
2024-05-15,Headphones,West,112,3000,336000,2024,5,15
2023-12-27,Tablet,North,23,18000,414000,2023,12,27
2024-09-07,Smart Watch,South,57,5000,285000,2024,9,7
2024-08-27,Tablet,West,119,18000,2142000,2024,8,27
2024-11-05,Smart Watch,South,12,5000,60000,2024,11,5
2023-03-09,Smart Watch,South,61,5000,305000,2023,3,9
2023-12-18,Mobile,West,100,25000,2500000,2023,12,18
2023-11-21,Smart Watch,East,96,5000,480000,2023,11,21
2023-02-02,Headphones,East,97,3000,291000,2023,2,2
2024-03-03,Headphones,West,186,3000,558000,2024,3,3
2024-07-18,Mobile,North,122,25000,3050000,2024,7,18
2024-09-17,Mobile,East,34,25000,850000,2024,9,17
2024-10-05,Tablet,East,154,18000,2772000,2024,10,5
2023-07-17,Laptop,North,93,60000,5580000,2023,7,17
2024-10-30,Smart Watch,North,128,5000,640000,2024,10,30
2023-03-13,Headphones,East,17,3000,51000,2023,3,13
2023-09-03,Smart Watch,North,165,5000,825000,2023,9,3
2024-04-15,Tablet,North,16,18000,288000,2024,4,15
2023-07-07,Headphones,East,142,3000,426000,2023,7,7
2023-05-05,Mobile,North,127,25000,3175000,2023,5,5
2023-08-28,Mobile,South,31,25000,775000,2023,8,28
2023-06-05,Headphones,East,142,3000,426000,2023,6,5
2024-12-05,Mobile,East,177,25000,4425000,2024,12,5
2024-01-12,Laptop,East,115,60000,6900000,2024,1,12
2024-04-26,Headphones,North,104,3000,312000,2024,4,26
2024-08-11,Tablet,North,159,18000,2862000,2024,8,11
2024-07-27,Mobile,South,57,25000,1425000,2024,7,27
2024-10-10,Laptop,East,146,60000,8760000,2024,10,10
2024-02-11,Tablet,North,139,18000,2502000,2024,2,11
2024-02-02,Mobile,West,136,25000,3400000,2024,2,2
2023-12-15,Headphones,East,143,3000,429000,2023,12,15
2024-06-09,Headphones,South,104,3000,312000,2024,6,9
2024-04-03,Tablet,South,168,18000,3024000,2024,4,3
2023-06-10,Laptop,West,24,60000,1440000,2023,6,10
2024-07-02,Tablet,South,185,18000,3330000,2024,7,2
2023-01-27,Headphones,West,76,3000,228000,2023,1,27
2024-06-25,Mobile,East,43,25000,1075000,2024,6,25
2024-06-27,Smart Watch,East,105,5000,525000,2024,6,27
2023-07-25,Tablet,South,169,18000,3042000,2023,7,25
2024-07-08,Headphones,North,12,3000,36000,2024,7,8
2023-09-06,Mobile,North,72,25000,1800000,2023,9,6
2024-12-02,Mobile,West,55,25000,1375000,2024,12,2
2024-03-19,Laptop,West,35,60000,2100000,2024,3,19
2024-02-15,Mobile,South,172,25000,4300000,2024,2,15
2024-03-25,Tablet,North,124,18000,2232000,2024,3,25
2023-02-20,Laptop,South,180,60000,10800000,2023,2,20
2024-05-29,Mobile,West,144,25000,3600000,2024,5,29
2024-09-18,Tablet,North,160,18000,2880000,2024,9,18
2023-09-25,Headphones,West,71,3000,213000,2023,9,25
2023-12-26,Laptop,North,49,60000,2940000,2023,12,26
2023-07-01,Mobile,North,144,25000,3600000,2023,7,1
2023-09-30,Mobile,West,11,25000,275000,2023,9,30
2024-04-27,Smart Watch,West,170,5000,850000,2024,4,27
2023-05-29,Smart Watch,South,62,5000,310000,2023,5,29
2023-02-14,Laptop,South,15,60000,900000,2023,2,14
2023-08-22,Tablet,South,190,18000,3420000,2023,8,22
2023-07-16,Laptop,East,26,60000,1560000,2023,7,16
2023-02-05,Mobile,East,105,25000,2625000,2023,2,5
2024-06-13,Headphones,South,10,3000,30000,2024,6,13
2024-10-15,Mobile,East,88,25000,2200000,2024,10,15
2024-03-19,Mobile,West,71,25000,1775000,2024,3,19
2023-05-09,Tablet,North,51,18000,918000,2023,5,9
2023-09-14,Headphones,South,184,3000,552000,2023,9,14
2023-04-10,Laptop,South,54,60000,3240000,2023,4,10
2023-11-26,Tablet,South,151,18000,2718000,2023,11,26
2023-05-03,Headphones,South,84,3000,252000,2023,5,3
2024-06-01,Smart Watch,South,156,5000,780000,2024,6,1
2024-09-06,Mobile,East,71,25000,1775000,2024,9,6
2023-12-29,Smart Watch,East,190,5000,950000,2023,12,29
2024-10-25,Mobile,South,77,25000,1925000,2024,10,25
2023-07-04,Mobile,South,17,25000,425000,2023,7,4
2023-08-13,Tablet,South,132,18000,2376000,2023,8,13
2023-06-05,Mobile,North,74,25000,1850000,2023,6,5
2023-03-08,Laptop,North,115,60000,6900000,2023,3,8
2024-01-29,Headphones,South,67,3000,201000,2024,1,29
2024-10-22,Smart Watch,North,140,5000,700000,2024,10,22
2023-03-10,Laptop,South,73,60000,4380000,2023,3,10
2023-06-26,Laptop,North,169,60000,10140000,2023,6,26
2024-08-04,Laptop,West,30,60000,1800000,2024,8,4
2023-05-15,Tablet,West,37,18000,666000,2023,5,15
2024-12-19,Mobile,East,56,25000,1400000,2024,12,19
2023-12-08,Mobile,South,123,25000,3075000,2023,12,8
2023-05-11,Headphones,South,70,3000,210000,2023,5,11
2023-06-13,Smart Watch,West,142,5000,710000,2023,6,13
2023-09-01,Laptop,South,187,60000,11220000,2023,9,1
2023-02-07,Laptop,South,68,60000,4080000,2023,2,7
2024-08-11,Headphones,East,136,3000,408000,2024,8,11
2024-07-20,Laptop,West,136,60000,8160000,2024,7,20
2024-01-23,Smart Watch,South,124,5000,620000,2024,1,23
2024-03-12,Mobile,North,58,25000,1450000,2024,3,12
2023-03-08,Tablet,North,38,18000,684000,2023,3,8
2023-12-09,Laptop,East,189,60000,11340000,2023,12,9
2024-10-24,Smart Watch,East,194,5000,970000,2024,10,24
2024-05-20,Laptop,South,86,60000,5160000,2024,5,20
2024-12-16,Headphones,South,81,3000,243000,2024,12,16
2023-06-14,Smart Watch,West,54,5000,270000,2023,6,14
2023-08-06,Tablet,West,177,18000,3186000,2023,8,6
2024-08-27,Smart Watch,West,113,5000,565000,2024,8,27
2023-03-22,Smart Watch,North,139,5000,695000,2023,3,22
2024-07-28,Tablet,West,122,18000,2196000,2024,7,28
2024-06-26,Mobile,East,60,25000,1500000,2024,6,26
2024-07-21,Laptop,South,70,60000,4200000,2024,7,21
2024-07-15,Mobile,East,10,25000,250000,2024,7,15
2024-03-16,Laptop,South,91,60000,5460000,2024,3,16
2024-12-02,Tablet,North,136,18000,2448000,2024,12,2
2024-01-03,Headphones,North,49,3000,147000,2024,1,3
2024-12-21,Laptop,South,50,60000,3000000,2024,12,21
2024-04-17,Tablet,West,126,18000,2268000,2024,4,17
2024-03-13,Laptop,North,148,60000,8880000,2024,3,13
2023-11-20,Smart Watch,North,75,5000,375000,2023,11,20
2023-10-19,Mobile,East,25,25000,625000,2023,10,19
2024-06-09,Laptop,North,13,60000,780000,2024,6,9
2023-05-07,Laptop,East,176,60000,10560000,2023,5,7
2024-01-20,Tablet,West,66,18000,1188000,2024,1,20
2023-07-14,Laptop,North,112,60000,6720000,2023,7,14
2023-10-04,Smart Watch,South,42,5000,210000,2023,10,4
2023-10-05,Headphones,East,192,3000,576000,2023,10,5
2024-03-03,Laptop,West,83,60000,4980000,2024,3,3
2023-08-15,Headphones,West,102,3000,306000,2023,8,15
2024-04-04,Laptop,North,19,60000,1140000,2024,4,4
2023-10-30,Mobile,North,31,25000,775000,2023,10,30
2024-08-20,Mobile,South,146,25000,3650000,2024,8,20
2023-04-05,Headphones,East,116,3000,348000,2023,4,5
2024-01-25,Laptop,East,161,60000,9660000,2024,1,25
2024-08-09,Tablet,South,152,18000,2736000,2024,8,9
2024-02-23,Headphones,West,127,3000,381000,2024,2,23
2023-06-16,Headphones,West,15,3000,45000,2023,6,16
2023-07-04,Tablet,North,131,18000,2358000,2023,7,4
2024-05-23,Smart Watch,West,76,5000,380000,2024,5,23
2023-08-06,Laptop,East,27,60000,1620000,2023,8,6
2024-10-20,Headphones,West,161,3000,483000,2024,10,20
2023-12-13,Tablet,South,136,18000,2448000,2023,12,13
2024-03-03,Mobile,East,93,25000,2325000,2024,3,3
2023-07-11,Laptop,West,77,60000,4620000,2023,7,11
2023-11-05,Mobile,West,31,25000,775000,2023,11,5
2023-04-16,Smart Watch,West,88,5000,440000,2023,4,16
2024-01-24,Tablet,East,198,18000,3564000,2024,1,24
2023-03-15,Smart Watch,East,91,5000,455000,2023,3,15
2024-06-20,Smart Watch,South,31,5000,155000,2024,6,20
2023-08-12,Headphones,West,103,3000,309000,2023,8,12
2023-01-19,Mobile,South,190,25000,4750000,2023,1,19
2023-12-09,Laptop,West,184,60000,11040000,2023,12,9
2023-12-04,Headphones,North,144,3000,432000,2023,12,4
2023-04-25,Headphones,North,72,3000,216000,2023,4,25
2023-08-14,Tablet,East,86,18000,1548000,2023,8,14
2024-09-24,Smart Watch,East,170,5000,850000,2024,9,24
2023-09-12,Tablet,South,170,18000,3060000,2023,9,12
2024-11-02,Tablet,West,110,18000,1980000,2024,11,2
2023-06-18,Headphones,North,128,3000,384000,2023,6,18
2023-05-19,Laptop,East,191,60000,11460000,2023,5,19
2023-02-26,Mobile,South,40,25000,1000000,2023,2,26
2024-11-22,Mobile,East,175,25000,4375000,2024,11,22
2023-10-15,Mobile,North,145,25000,3625000,2023,10,15
2024-12-30,Tablet,North,157,18000,2826000,2024,12,30
2024-05-22,Headphones,East,18,3000,54000,2024,5,22
2024-12-12,Headphones,East,106,3000,318000,2024,12,12
2023-04-15,Laptop,North,72,60000,4320000,2023,4,15
2023-08-07,Smart Watch,North,134,5000,670000,2023,8,7
2023-12-07,Headphones,North,185,3000,555000,2023,12,7
2024-04-18,Headphones,East,106,3000,318000,2024,4,18
2024-05-09,Mobile,South,130,25000,3250000,2024,5,9
2024-02-03,Mobile,West,65,25000,1625000,2024,2,3
2024-07-14,Headphones,North,74,3000,222000,2024,7,14
2024-06-23,Headphones,West,185,3000,555000,2024,6,23
2023-03-06,Mobile,East,180,25000,4500000,2023,3,6
2023-03-15,Headphones,North,198,3000,594000,2023,3,15
2023-01-12,Laptop,North,136,60000,8160000,2023,1,12
2023-02-17,Smart Watch,North,44,5000,220000,2023,2,17
2023-04-29,Laptop,East,45,60000,2700000,2023,4,29
2024-04-07,Headphones,East,51,3000,153000,2024,4,7
2024-08-03,Tablet,East,48,18000,864000,2024,8,3
2024-08-03,Headphones,West,92,3000,276000,2024,8,3
2024-12-16,Headphones,South,72,3000,216000,2024,12,16
2023-03-23,Laptop,East,52,60000,3120000,2023,3,23
2023-02-03,Laptop,North,155,60000,9300000,2023,2,3
2024-09-28,Smart Watch,North,102,5000,510000,2024,9,28
2023-04-19,Smart Watch,North,33,5000,165000,2023,4,19
2023-08-09,Tablet,South,170,18000,3060000,2023,8,9
2023-01-10,Smart Watch,West,135,5000,675000,2023,1,10
2023-09-24,Mobile,North,157,25000,3925000,2023,9,24
2024-12-29,Headphones,West,184,3000,552000,2024,12,29
2023-08-30,Smart Watch,South,131,5000,655000,2023,8,30
2024-01-23,Smart Watch,North,168,5000,840000,2024,1,23
2023-01-16,Laptop,South,10,60000,600000,2023,1,16
2024-01-02,Headphones,North,128,3000,384000,2024,1,2
2024-03-15,Mobile,West,45,25000,1125000,2024,3,15
2024-02-26,Headphones,North,187,3000,561000,2024,2,26
2024-08-30,Tablet,West,173,18000,3114000,2024,8,30
2024-01-17,Laptop,East,71,60000,4260000,2024,1,17
2023-08-30,Tablet,North,100,18000,1800000,2023,8,30
2024-10-06,Tablet,West,168,18000,3024000,2024,10,6
2023-12-08,Tablet,South,35,18000,630000,2023,12,8
2023-01-01,Tablet,East,173,18000,3114000,2023,1,1
2023-11-28,Headphones,East,162,3000,486000,2023,11,28
2024-11-29,Smart Watch,North,104,5000,520000,2024,11,29
2024-07-06,Tablet,South,141,18000,2538000,2024,7,6
2023-10-24,Tablet,East,191,18000,3438000,2023,10,24
2024-12-04,Mobile,East,31,25000,775000,2024,12,4
2024-02-06,Mobile,West,29,25000,725000,2024,2,6
2024-01-11,Mobile,East,35,25000,875000,2024,1,11
2024-03-16,Smart Watch,North,139,5000,695000,2024,3,16
2023-08-31,Headphones,South,43,3000,129000,2023,8,31
2024-07-21,Headphones,South,162,3000,486000,2024,7,21
2023-12-06,Laptop,North,151,60000,9060000,2023,12,6
2024-03-19,Headphones,East,199,3000,597000,2024,3,19
2024-05-01,Headphones,West,78,3000,234000,2024,5,1
2023-09-15,Tablet,North,175,18000,3150000,2023,9,15
2024-03-10,Mobile,West,124,25000,3100000,2024,3,10
2024-10-31,Smart Watch,North,132,5000,660000,2024,10,31
2023-06-30,Tablet,South,160,18000,2880000,2023,6,30
2023-12-02,Mobile,North,192,25000,4800000,2023,12,2
2024-11-25,Headphones,North,191,3000,573000,2024,11,25
2023-11-13,Tablet,East,142,18000,2556000,2023,11,13
2024-09-03,Smart Watch,South,181,5000,905000,2024,9,3
2023-04-29,Smart Watch,East,39,5000,195000,2023,4,29
2023-02-24,Laptop,West,50,60000,3000000,2023,2,24
2024-11-15,Mobile,East,167,25000,4175000,2024,11,15
2023-03-26,Smart Watch,North,113,5000,565000,2023,3,26
2024-11-15,Headphones,West,182,3000,546000,2024,11,15
2023-07-02,Tablet,North,133,18000,2394000,2023,7,2
2023-12-16,Mobile,North,22,25000,550000,2023,12,16
2023-07-16,Laptop,North,29,60000,1740000,2023,7,16
2024-12-13,Smart Watch,East,136,5000,680000,2024,12,13
2024-12-01,Headphones,East,35,3000,105000,2024,12,1
2024-07-19,Mobile,East,174,25000,4350000,2024,7,19
2024-01-16,Tablet,East,103,18000,1854000,2024,1,16
2023-03-24,Mobile,South,198,25000,4950000,2023,3,24
2023-03-28,Smart Watch,North,140,5000,700000,2023,3,28
2024-10-29,Headphones,South,195,3000,585000,2024,10,29
2024-11-24,Smart Watch,North,152,5000,760000,2024,11,24
2024-02-26,Laptop,East,17,60000,1020000,2024,2,26
2024-08-06,Tablet,West,104,18000,1872000,2024,8,6
2024-10-30,Laptop,East,54,60000,3240000,2024,10,30
2023-06-04,Tablet,South,62,18000,1116000,2023,6,4
2023-06-28,Smart Watch,West,146,5000,730000,2023,6,28
2023-06-29,Tablet,East,105,18000,1890000,2023,6,29
2023-07-16,Tablet,West,22,18000,396000,2023,7,16
2023-06-20,Smart Watch,West,188,5000,940000,2023,6,20
2023-06-19,Smart Watch,East,163,5000,815000,2023,6,19
2023-03-23,Laptop,East,121,60000,7260000,2023,3,23
2023-02-17,Headphones,North,124,3000,372000,2023,2,17
2023-01-03,Headphones,West,13,3000,39000,2023,1,3
2023-02-11,Laptop,West,60,60000,3600000,2023,2,11
2024-10-18,Laptop,North,29,60000,1740000,2024,10,18
2023-05-22,Headphones,East,52,3000,156000,2023,5,22
2023-05-11,Laptop,West,147,60000,8820000,2023,5,11
2024-02-17,Laptop,West,30,60000,1800000,2024,2,17
2024-02-12,Laptop,West,163,60000,9780000,2024,2,12
2023-09-22,Headphones,West,45,3000,135000,2023,9,22
2024-07-01,Laptop,South,10,60000,600000,2024,7,1
2023-03-10,Laptop,North,81,60000,4860000,2023,3,10
2024-08-30,Smart Watch,West,52,5000,260000,2024,8,30
2023-10-20,Mobile,East,34,25000,850000,2023,10,20
2023-08-04,Smart Watch,North,82,5000,410000,2023,8,4
2024-03-01,Mobile,South,145,25000,3625000,2024,3,1
2024-08-30,Smart Watch,South,122,5000,610000,2024,8,30
2023-03-18,Smart Watch,West,187,5000,935000,2023,3,18
2024-04-10,Smart Watch,West,73,5000,365000,2024,4,10
2023-06-09,Headphones,North,128,3000,384000,2023,6,9
2023-06-10,Headphones,East,155,3000,465000,2023,6,10
2024-11-05,Headphones,East,98,3000,294000,2024,11,5
2023-11-04,Mobile,East,176,25000,4400000,2023,11,4
2024-01-27,Smart Watch,West,166,5000,830000,2024,1,27
2023-05-30,Headphones,South,198,3000,594000,2023,5,30
2023-02-12,Laptop,North,115,60000,6900000,2023,2,12
2024-09-23,Laptop,East,190,60000,11400000,2024,9,23
2024-11-04,Laptop,North,141,60000,8460000,2024,11,4
2024-10-03,Headphones,East,119,3000,357000,2024,10,3
2023-11-24,Smart Watch,North,119,5000,595000,2023,11,24
2023-06-12,Smart Watch,South,77,5000,385000,2023,6,12
2023-02-01,Tablet,South,164,18000,2952000,2023,2,1
2023-04-20,Headphones,West,124,3000,372000,2023,4,20
2023-09-06,Laptop,South,82,60000,4920000,2023,9,6
2024-02-03,Smart Watch,West,81,5000,405000,2024,2,3
2024-07-23,Headphones,East,28,3000,84000,2024,7,23
2024-06-11,Tablet,South,145,18000,2610000,2024,6,11
2023-03-15,Mobile,East,52,25000,1300000,2023,3,15
2023-02-19,Tablet,West,68,18000,1224000,2023,2,19
2024-07-29,Mobile,East,168,25000,4200000,2024,7,29
2023-08-09,Mobile,South,90,25000,2250000,2023,8,9
2024-07-16,Smart Watch,North,152,5000,760000,2024,7,16
2023-12-12,Headphones,North,198,3000,594000,2023,12,12
2024-07-06,Smart Watch,West,114,5000,570000,2024,7,6
2024-03-16,Tablet,North,99,18000,1782000,2024,3,16
2024-11-20,Laptop,West,75,60000,4500000,2024,11,20
2023-12-10,Tablet,West,108,18000,1944000,2023,12,10
2024-04-15,Mobile,North,28,25000,700000,2024,4,15
2023-11-18,Headphones,East,24,3000,72000,2023,11,18
2024-05-18,Smart Watch,East,164,5000,820000,2024,5,18
2023-09-20,Smart Watch,North,67,5000,335000,2023,9,20
2024-10-18,Mobile,South,177,25000,4425000,2024,10,18
2024-11-16,Headphones,North,88,3000,264000,2024,11,16
2024-08-29,Laptop,East,106,60000,6360000,2024,8,29
2024-11-22,Tablet,East,78,18000,1404000,2024,11,22
2023-08-16,Laptop,North,61,60000,3660000,2023,8,16
2024-10-15,Mobile,North,145,25000,3625000,2024,10,15
2023-12-26,Laptop,North,173,60000,10380000,2023,12,26
2023-06-14,Smart Watch,North,62,5000,310000,2023,6,14
2023-08-12,Headphones,West,97,3000,291000,2023,8,12
2024-06-07,Headphones,North,144,3000,432000,2024,6,7
2024-10-18,Mobile,East,80,25000,2000000,2024,10,18
2023-09-30,Tablet,East,38,18000,684000,2023,9,30
2023-01-22,Tablet,North,187,18000,3366000,2023,1,22
2023-08-22,Smart Watch,South,160,5000,800000,2023,8,22
2024-12-25,Mobile,South,56,25000,1400000,2024,12,25
2024-02-09,Headphones,East,158,3000,474000,2024,2,9
2023-01-21,Laptop,East,26,60000,1560000,2023,1,21
2023-02-20,Tablet,East,59,18000,1062000,2023,2,20
2024-09-27,Mobile,South,118,25000,2950000,2024,9,27
2023-02-18,Smart Watch,South,16,5000,80000,2023,2,18
2024-10-02,Smart Watch,East,36,5000,180000,2024,10,2
2024-12-11,Headphones,East,67,3000,201000,2024,12,11
2023-04-07,Laptop,North,110,60000,6600000,2023,4,7
2023-07-05,Tablet,West,38,18000,684000,2023,7,5
2023-04-12,Tablet,South,36,18000,648000,2023,4,12
2024-09-05,Smart Watch,West,54,5000,270000,2024,9,5
2023-04-24,Headphones,North,198,3000,594000,2023,4,24
2023-10-20,Tablet,West,128,18000,2304000,2023,10,20
2023-09-18,Headphones,North,15,3000,45000,2023,9,18
2024-01-14,Mobile,South,32,25000,800000,2024,1,14
2024-10-18,Headphones,West,50,3000,150000,2024,10,18
2024-02-03,Headphones,South,195,3000,585000,2024,2,3
2024-12-26,Mobile,West,79,25000,1975000,2024,12,26
2024-12-08,Mobile,East,181,25000,4525000,2024,12,8
2024-09-12,Tablet,South,118,18000,2124000,2024,9,12
2024-08-29,Headphones,West,76,3000,228000,2024,8,29
2023-06-05,Tablet,South,27,18000,486000,2023,6,5
2023-06-04,Tablet,North,69,18000,1242000,2023,6,4
2023-03-15,Laptop,East,82,60000,4920000,2023,3,15
2024-12-08,Tablet,West,81,18000,1458000,2024,12,8
2023-04-23,Smart Watch,North,144,5000,720000,2023,4,23
2023-06-08,Mobile,West,57,25000,1425000,2023,6,8
2023-01-30,Laptop,East,16,60000,960000,2023,1,30
2023-04-02,Laptop,East,116,60000,6960000,2023,4,2
2024-07-28,Tablet,South,100,18000,1800000,2024,7,28
2024-05-17,Mobile,South,70,25000,1750000,2024,5,17
2023-04-30,Smart Watch,North,35,5000,175000,2023,4,30
2024-09-18,Tablet,West,97,18000,1746000,2024,9,18
2024-09-19,Smart Watch,North,52,5000,260000,2024,9,19
2024-06-16,Tablet,East,164,18000,2952000,2024,6,16
2023-01-27,Laptop,North,106,60000,6360000,2023,1,27
2024-11-03,Mobile,West,53,25000,1325000,2024,11,3
2023-10-26,Smart Watch,North,85,5000,425000,2023,10,26
2024-02-05,Mobile,South,89,25000,2225000,2024,2,5
2024-05-30,Mobile,South,37,25000,925000,2024,5,30
2024-12-13,Mobile,North,67,25000,1675000,2024,12,13
2023-05-07,Mobile,North,40,25000,1000000,2023,5,7
2024-03-25,Tablet,North,116,18000,2088000,2024,3,25
2024-04-02,Mobile,East,165,25000,4125000,2024,4,2
2024-09-15,Headphones,East,187,3000,561000,2024,9,15
2024-07-30,Headphones,East,189,3000,567000,2024,7,30
2024-01-29,Smart Watch,North,24,5000,120000,2024,1,29
2023-12-09,Mobile,West,146,25000,3650000,2023,12,9
2024-01-24,Laptop,West,130,60000,7800000,2024,1,24
2024-08-24,Headphones,North,121,3000,363000,2024,8,24
2023-03-17,Laptop,South,19,60000,1140000,2023,3,17
2023-07-20,Mobile,East,69,25000,1725000,2023,7,20
2024-10-20,Tablet,South,143,18000,2574000,2024,10,20
2023-08-09,Smart Watch,South,142,5000,710000,2023,8,9
2023-02-22,Mobile,South,32,25000,800000,2023,2,22
2023-02-13,Headphones,South,156,3000,468000,2023,2,13
2024-12-28,Headphones,East,100,3000,300000,2024,12,28
2023-01-24,Laptop,North,183,60000,10980000,2023,1,24
2024-07-29,Headphones,South,73,3000,219000,2024,7,29
2023-12-08,Tablet,North,191,18000,3438000,2023,12,8
2024-03-03,Mobile,West,134,25000,3350000,2024,3,3
2024-04-30,Headphones,North,56,3000,168000,2024,4,30
2024-04-04,Laptop,North,111,60000,6660000,2024,4,4
2024-07-09,Headphones,North,60,3000,180000,2024,7,9
2023-11-05,Mobile,West,86,25000,2150000,2023,11,5
2024-09-26,Smart Watch,West,79,5000,395000,2024,9,26
2023-08-18,Smart Watch,West,117,5000,585000,2023,8,18
2023-08-29,Tablet,East,99,18000,1782000,2023,8,29
2024-08-13,Laptop,South,160,60000,9600000,2024,8,13
2023-11-04,Laptop,East,121,60000,7260000,2023,11,4
2024-11-23,Smart Watch,South,157,5000,785000,2024,11,23
2023-01-02,Tablet,South,120,18000,2160000,2023,1,2
2023-06-26,Laptop,North,31,60000,1860000,2023,6,26
2024-04-21,Headphones,North,182,3000,546000,2024,4,21
2024-01-25,Laptop,North,13,60000,780000,2024,1,25
2023-05-11,Laptop,South,40,60000,2400000,2023,5,11
2024-12-23,Headphones,East,63,3000,189000,2024,12,23
2023-09-08,Laptop,East,175,60000,10500000,2023,9,8
2024-02-11,Headphones,South,194,3000,582000,2024,2,11
2023-11-09,Headphones,West,172,3000,516000,2023,11,9
2024-12-14,Tablet,South,23,18000,414000,2024,12,14
2023-04-09,Laptop,West,10,60000,600000,2023,4,9
2023-02-03,Tablet,West,13,18000,234000,2023,2,3
2024-11-06,Smart Watch,South,169,5000,845000,2024,11,6
2023-05-17,Mobile,East,125,25000,3125000,2023,5,17
2024-02-08,Mobile,West,199,25000,4975000,2024,2,8
2023-10-05,Tablet,East,185,18000,3330000,2023,10,5
2024-01-27,Laptop,East,41,60000,2460000,2024,1,27
2023-06-30,Tablet,West,39,18000,702000,2023,6,30
2023-09-26,Headphones,North,50,3000,150000,2023,9,26
2024-09-24,Tablet,East,57,18000,1026000,2024,9,24
2023-03-27,Headphones,West,46,3000,138000,2023,3,27
2023-01-31,Mobile,South,116,25000,2900000,2023,1,31
2024-09-13,Headphones,South,148,3000,444000,2024,9,13
2024-08-20,Tablet,West,91,18000,1638000,2024,8,20
2023-03-05,Mobile,South,96,25000,2400000,2023,3,5
2024-07-20,Mobile,North,138,25000,3450000,2024,7,20
2023-09-13,Laptop,North,104,60000,6240000,2023,9,13
2024-03-30,Laptop,East,121,60000,7260000,2024,3,30
2024-04-29,Headphones,South,42,3000,126000,2024,4,29
2023-09-17,Tablet,West,18,18000,324000,2023,9,17
2024-06-25,Smart Watch,West,138,5000,690000,2024,6,25
2023-09-28,Laptop,South,175,60000,10500000,2023,9,28
2023-06-19,Smart Watch,South,70,5000,350000,2023,6,19
2024-05-25,Tablet,East,191,18000,3438000,2024,5,25
2024-02-10,Mobile,East,117,25000,2925000,2024,2,10
2024-01-02,Headphones,East,132,3000,396000,2024,1,2
2023-10-19,Smart Watch,North,127,5000,635000,2023,10,19
2023-07-10,Smart Watch,West,161,5000,805000,2023,7,10
2023-08-21,Mobile,North,155,25000,3875000,2023,8,21
2023-09-28,Tablet,East,37,18000,666000,2023,9,28
2023-05-16,Smart Watch,North,129,5000,645000,2023,5,16
2024-05-19,Laptop,West,195,60000,11700000,2024,5,19
2024-03-19,Mobile,West,40,25000,1000000,2024,3,19
2023-10-30,Mobile,South,115,25000,2875000,2023,10,30
2023-07-14,Headphones,East,156,3000,468000,2023,7,14
2023-12-12,Headphones,South,152,3000,456000,2023,12,12
2023-11-30,Smart Watch,East,151,5000,755000,2023,11,30
2023-05-11,Mobile,North,133,25000,3325000,2023,5,11
2024-02-11,Headphones,South,87,3000,261000,2024,2,11
2023-01-20,Smart Watch,East,197,5000,985000,2023,1,20
2023-12-21,Smart Watch,North,65,5000,325000,2023,12,21
2023-01-02,Laptop,North,177,60000,10620000,2023,1,2
2024-01-03,Smart Watch,East,118,5000,590000,2024,1,3
2024-08-02,Mobile,South,93,25000,2325000,2024,8,2
2024-03-12,Laptop,West,70,60000,4200000,2024,3,12
2024-11-12,Laptop,East,111,60000,6660000,2024,11,12
2023-02-04,Tablet,East,54,18000,972000,2023,2,4
2023-03-18,Laptop,North,23,60000,1380000,2023,3,18
2023-12-15,Mobile,East,33,25000,825000,2023,12,15
2024-07-30,Mobile,North,151,25000,3775000,2024,7,30
2024-09-03,Mobile,West,160,25000,4000000,2024,9,3
2024-09-02,Mobile,East,75,25000,1875000,2024,9,2
2023-11-25,Laptop,South,61,60000,3660000,2023,11,25
2024-10-19,Mobile,West,32,25000,800000,2024,10,19
2023-05-20,Smart Watch,South,73,5000,365000,2023,5,20
2023-08-06,Mobile,South,78,25000,1950000,2023,8,6
2023-08-13,Headphones,South,156,3000,468000,2023,8,13
2024-01-19,Tablet,North,81,18000,1458000,2024,1,19
2023-04-13,Smart Watch,North,143,5000,715000,2023,4,13
2023-07-18,Tablet,East,189,18000,3402000,2023,7,18
2024-04-26,Mobile,North,96,25000,2400000,2024,4,26
2024-08-22,Tablet,West,181,18000,3258000,2024,8,22
2023-01-17,Mobile,South,143,25000,3575000,2023,1,17
2023-09-05,Headphones,East,77,3000,231000,2023,9,5
2024-03-16,Tablet,South,118,18000,2124000,2024,3,16
2024-01-02,Mobile,South,40,25000,1000000,2024,1,2
2024-08-26,Mobile,North,155,25000,3875000,2024,8,26
2024-04-22,Tablet,North,124,18000,2232000,2024,4,22
2024-05-23,Laptop,South,166,60000,9960000,2024,5,23
2023-05-13,Tablet,East,192,18000,3456000,2023,5,13
2023-03-18,Smart Watch,West,47,5000,235000,2023,3,18
2023-11-14,Laptop,North,177,60000,10620000,2023,11,14
2023-06-03,Smart Watch,North,14,5000,70000,2023,6,3
2023-08-09,Laptop,East,47,60000,2820000,2023,8,9
2024-10-15,Tablet,East,82,18000,1476000,2024,10,15
2024-03-23,Headphones,North,79,3000,237000,2024,3,23
2023-03-06,Laptop,West,24,60000,1440000,2023,3,6
2023-08-14,Laptop,East,46,60000,2760000,2023,8,14
2024-12-21,Smart Watch,North,175,5000,875000,2024,12,21
2024-12-03,Laptop,East,112,60000,6720000,2024,12,3
2023-10-02,Headphones,South,167,3000,501000,2023,10,2
2023-12-29,Smart Watch,West,99,5000,495000,2023,12,29
2024-06-22,Laptop,North,50,60000,3000000,2024,6,22
2023-10-31,Headphones,South,15,3000,45000,2023,10,31
2023-08-30,Mobile,East,189,25000,4725000,2023,8,30
2024-06-01,Mobile,East,154,25000,3850000,2024,6,1
2023-06-05,Smart Watch,West,19,5000,95000,2023,6,5
2023-05-18,Mobile,South,165,25000,4125000,2023,5,18
2024-02-12,Tablet,North,77,18000,1386000,2024,2,12
2023-07-03,Tablet,South,149,18000,2682000,2023,7,3
2024-10-24,Headphones,South,62,3000,186000,2024,10,24
2024-06-25,Laptop,East,179,60000,10740000,2024,6,25
2023-10-17,Laptop,North,166,60000,9960000,2023,10,17
2024-08-10,Laptop,North,198,60000,11880000,2024,8,10
2023-10-29,Laptop,South,113,60000,6780000,2023,10,29
2023-09-18,Tablet,East,191,18000,3438000,2023,9,18
2024-09-28,Laptop,South,100,60000,6000000,2024,9,28
2024-01-26,Headphones,West,81,3000,243000,2024,1,26
2023-08-03,Tablet,East,91,18000,1638000,2023,8,3
2023-03-17,Headphones,East,187,3000,561000,2023,3,17
2024-04-23,Headphones,North,17,3000,51000,2024,4,23
2023-04-20,Tablet,East,194,18000,3492000,2023,4,20
2023-01-31,Tablet,East,92,18000,1656000,2023,1,31
2023-09-23,Headphones,South,39,3000,117000,2023,9,23
2023-12-16,Headphones,South,41,3000,123000,2023,12,16
2024-04-01,Mobile,East,32,25000,800000,2024,4,1
2024-04-03,Mobile,South,173,25000,4325000,2024,4,3
2024-09-27,Smart Watch,South,38,5000,190000,2024,9,27
2024-09-24,Mobile,West,142,25000,3550000,2024,9,24
2024-10-21,Smart Watch,South,145,5000,725000,2024,10,21
2023-10-31,Smart Watch,West,88,5000,440000,2023,10,31
2024-12-05,Mobile,South,60,25000,1500000,2024,12,5
2024-01-19,Mobile,South,67,25000,1675000,2024,1,19
2024-05-03,Smart Watch,West,122,5000,610000,2024,5,3
2023-11-07,Mobile,North,19,25000,475000,2023,11,7
2023-06-02,Laptop,North,121,60000,7260000,2023,6,2
2023-06-24,Headphones,West,180,3000,540000,2023,6,24
2023-11-14,Headphones,North,133,3000,399000,2023,11,14
2024-10-01,Smart Watch,West,94,5000,470000,2024,10,1
2024-05-30,Laptop,South,99,60000,5940000,2024,5,30
2024-09-23,Tablet,South,146,18000,2628000,2024,9,23
2023-09-04,Laptop,North,155,60000,9300000,2023,9,4
2024-11-18,Laptop,South,50,60000,3000000,2024,11,18
2023-03-30,Mobile,North,195,25000,4875000,2023,3,30
2023-08-16,Mobile,East,175,25000,4375000,2023,8,16
2023-03-08,Tablet,North,108,18000,1944000,2023,3,8
2023-11-02,Smart Watch,East,156,5000,780000,2023,11,2
2024-05-02,Mobile,North,131,25000,3275000,2024,5,2
2023-03-18,Smart Watch,North,179,5000,895000,2023,3,18
2024-06-01,Smart Watch,South,82,5000,410000,2024,6,1
2023-08-18,Laptop,North,17,60000,1020000,2023,8,18
2023-06-21,Mobile,West,22,25000,550000,2023,6,21
2023-01-19,Mobile,West,58,25000,1450000,2023,1,19
2024-04-08,Headphones,South,167,3000,501000,2024,4,8
2023-03-07,Smart Watch,East,68,5000,340000,2023,3,7
2023-11-04,Laptop,East,24,60000,1440000,2023,11,4
2023-05-01,Headphones,North,144,3000,432000,2023,5,1
2024-07-21,Tablet,West,123,18000,2214000,2024,7,21
2024-03-04,Headphones,South,11,3000,33000,2024,3,4
2023-07-31,Headphones,West,86,3000,258000,2023,7,31
2023-01-24,Smart Watch,West,185,5000,925000,2023,1,24
2024-03-04,Smart Watch,South,45,5000,225000,2024,3,4
2024-05-28,Laptop,South,186,60000,11160000,2024,5,28
2023-09-21,Mobile,East,154,25000,3850000,2023,9,21
2023-10-06,Mobile,South,102,25000,2550000,2023,10,6
2024-02-25,Laptop,West,43,60000,2580000,2024,2,25
2023-01-18,Mobile,South,111,25000,2775000,2023,1,18
2023-01-17,Tablet,North,61,18000,1098000,2023,1,17
2024-03-19,Mobile,East,73,25000,1825000,2024,3,19
2023-09-02,Mobile,South,104,25000,2600000,2023,9,2
2024-08-21,Laptop,West,85,60000,5100000,2024,8,21
2024-06-14,Laptop,South,154,60000,9240000,2024,6,14
2023-02-19,Laptop,South,21,60000,1260000,2023,2,19
2023-12-01,Headphones,West,45,3000,135000,2023,12,1
2023-09-07,Headphones,North,107,3000,321000,2023,9,7
2023-12-03,Headphones,East,106,3000,318000,2023,12,3
2024-04-13,Mobile,South,173,25000,4325000,2024,4,13
2024-03-28,Laptop,North,62,60000,3720000,2024,3,28
2023-09-19,Smart Watch,South,132,5000,660000,2023,9,19
2023-11-21,Mobile,North,188,25000,4700000,2023,11,21
2024-05-15,Smart Watch,West,78,5000,390000,2024,5,15
2023-03-07,Tablet,West,68,18000,1224000,2023,3,7
